item,itemLabel,party,partyLabel,area,areaLabel,startDate,endDate,gender,psid
Q4663137,Ababu Namwamba,Q1640905,Orange Democratic Movement,,,2013-03-28,2017-08,male,Q4663137-60530978-0EDE-4FE3-B617-ECBAD1D05C30
Q111188206,Abass Sheikh Mohamed,Q7889105,United Republican Party,,,2013-03-28,2017-08,male,Q111188206-5900A451-AE4A-41CB-A07A-70011F088854
Q111188207,Abdi Noor Mohammed Ali,Q7889105,United Republican Party,,,2013-03-28,2017-08,male,Q111188207-B3777AD2-3CF0-48B0-A4BF-3D23371B2A5A
Q111188208,Abdikadir Omar Aden,Q1640905,Orange Democratic Movement,,,2013-03-28,2017-08,male,Q111188208-79F16A18-A147-4244-BECB-B31AD409C8FF
Q111188209,Abdikadir Ore Ahmed,Q1640905,Orange Democratic Movement,,,2013-03-28,2017-08,male,Q111188209-D9A49AFE-AEDE-4361-813F-2F5E3A3E3E0E
Q16864850,Abdul Rahim Dawood,Q15980825,Alliance Party of Kenya,,,2013-03-28,2017-08,male,Q16864850-6CDFB2E5-5AAF-4D95-BEA2-EB842D9107D3
Q111188210,Abdulaziz Ali Farah,Q7889105,United Republican Party,,,2013-03-28,2017-08,male,Q111188210-DD636BB0-6302-4270-B6EA-CA3B62ADA289
Q111188211,Abdullahi Jaldesa Banticha,Q7889105,United Republican Party,,,2013-03-28,2017-08,male,Q111188211-2F9E42CE-7A0A-4F8A-9A7D-0926EAD24AEC
Q47494822,Abdullswamad Sheriff Nassir,Q1640905,Orange Democratic Movement,,,2013-03-28,2017-08,,Q47494822-EB690B68-A141-4FDE-9C6D-F3D87CC36DE7
Q4680594,Adan Keynan Wehliye,Q1640905,Orange Democratic Movement,,,2013-03-28,2017-08,male,Q4680594-1727DE6D-CDE4-4C7A-B8A4-8A544EFA6889
Q111188212,Adan Mohamed Nooru,Q7889105,United Republican Party,,,2013-03-28,2017-08,male,Q111188212-044EF734-ECAB-40CA-96C3-7931BC048C26
Q4682154,Aden Bare Duale,Q7889105,United Republican Party,,,2013-03-28,2017-08,male,Q4682154-9D2897C3-487D-4CAD-9607-9B79B7511A70
Q4696013,Ahmed Shakeel Shabbir Ahmed,Q1640905,Orange Democratic Movement,,,2013-03-28,2017-08,male,Q4696013-D20DF363-1314-41C2-A221-061B8A889453
Q47494720,Aisha Jumwa Karisa Katana,Q1640905,Orange Democratic Movement,,,2013-03-28,2017-08,female,Q47494720-5AAC69CD-9C69-43AF-979E-AACCD60F70C1
Q4717538,Alex Muthengi Mwiru,Q7889105,United Republican Party,,,2013-03-28,2017-08,male,Q4717538-A9B43F75-104C-4D4E-BEED-FF316E7D3EDF
Q47494265,Alexander Kimutai Kigen Kosgey,Q7889105,United Republican Party,,,2013-03-28,2017-08,male,Q47494265-BBCC5A22-E1F5-40BA-B5FD-4FD00EF8F021
Q47493940,Alfred Agoi Masadia,Q7887687,United Democratic Forum,,,2013-03-28,2017-08,male,Q47493940-DE570368-2302-420A-9A11-525D8F85B0FA
Q47494850,Alfred Kiptoo Keter,Q7889105,United Republican Party,,,2013-03-28,2017-08,male,Q47494850-EF604BC9-F0B4-4172-AAFB-9085856185CA
Q4723395,Alfred Sambu,Q7887687,United Democratic Forum,,,2013-03-28,2017-08,male,Q4723395-10859719-3B6A-45FE-8897-95C6F4EFDBDE
Q15733971,Ali Rasso Dido,Q7889105,United Republican Party,,,2013-03-28,2017-08,male,Q15733971-DD6E351E-9F5E-476D-972F-C9FE1D260CA8
Q47493953,Ali Wario,Q7193584,The National Alliance,,,2013-03-28,2017-08,male,Q47493953-BBD2438A-554E-4665-811F-9F4A1C925E1C
Q26923586,Alice Muthoni Wahome,Q7193584,The National Alliance,,,2013-03-28,2017-08,female,Q26923586-A531E989-8D71-4344-AAF2-7094F8EC617B
Q111188213,Alice Nyanchoka Chae,Q1640905,Orange Democratic Movement,,,2013-03-28,2017-08,female,Q111188213-FD50A8E7-A565-4043-B226-2B9E68C10C4F
Q111188214,Alice Wambui Ng'ang'a,Q7193584,The National Alliance,,,2013-03-28,2017-08,female,Q111188214-FA4F8385-9BD3-4E5C-ACBC-74074DA90C3E
Q47494993,Alois Musa Lentoimaga,Q7193584,The National Alliance,,,2013-03-28,2017-08,male,Q47494993-BA0C6ADC-8D93-439A-B855-545E45441380
Q111188215,Amina Abdalla,Q7193584,The National Alliance,,,2013-03-28,2017-08,female,Q111188215-9DF053B4-4010-47AF-B24C-41533DF8BDBD
Q47494827,Andrew Mwadime,Q1640905,Orange Democratic Movement,,,2013-03-28,2017-08,male,Q47494827-3369991A-DE6A-4D87-B45C-107AC95CE188
Q111188216,Andrew Toboso Anyanga,Q1640905,Orange Democratic Movement,,,2013-03-28,2017-08,male,Q111188216-2DA1E327-8C63-43F8-9C3D-7374F27E5A7C
Q111188217,Annah Nyokabi Gathecha,Q7193584,The National Alliance,,,2013-03-28,2017-08,female,Q111188217-A2CCAF6B-9BAC-45FF-B874-D05270845098
Q47494431,Anthony Kimani Ichung`wah,Q7193584,The National Alliance,,,2013-03-28,2017-08,male,Q47494431-88828A3A-5C68-407B-9F24-144D9310517C
Q111188218,Anthony Mutahi Kimaru,Q7193584,The National Alliance,,,2013-03-28,2017-08,male,Q111188218-758CB9D5-2ABC-4E27-A63F-790541F8964B
Q111188219,Arthur Papa Odera,Q7889105,United Republican Party,,,2013-03-28,2017-08,male,Q111188219-BF7691FC-FD2B-4DA6-809B-6BE93604BDC6
Q4807410,Asman Kamama,Q7889105,United Republican Party,,,2013-03-28,2017-08,male,Q4807410-7A7C591E-96F2-40AD-A5A8-0CDCD02F60E4
Q47493900,Athanas Misiko Wafula Wamunyinyi,Q5473121,Forum for the Restoration of Democracy – Kenya,,,2013-03-28,2017-08,male,Q47493900-13257784-5B75-418E-A71D-E42724F06522
Q111188220,Augostinho Neto Oyugi,Q1640905,Orange Democratic Movement,,,2013-03-28,2017-08,male,Q111188220-D6690074-B659-43B6-AC04-F89861C2DA30
Q47494687,Ayub Savula Angatia,Q7887687,United Democratic Forum,,,2013-03-28,2017-08,male,Q47494687-E10F4439-1257-4CBF-9E96-7FEC9BF27F26
Q47493964,Bady Twalib Bady,Q5251223,Wiper Democratic Movement,,,2013-03-28,2017-08,,Q47493964-535805CA-77D0-450A-8FC7-15DD9418554C
Q47490074,Beatrice Nkatha Nyaga,Q7193584,The National Alliance,,,2013-03-28,2017-08,female,Q47490074-E857F91D-B18E-4690-9E86-1D0FD391228E
Q47493961,Ben George Orori Momanyi,Q5251223,Wiper Democratic Movement,,,2013-03-28,2017-08,male,Q47493961-E8AA99D0-0A08-46A9-965F-590F909A9501
Q111188221,Benard Kipkirui Bett,Q7889105,United Republican Party,,,2013-03-28,2017-08,male,Q111188221-0B5F0C66-5C9E-4C03-8C15-DAB1772BA54D
Q47494323,Benard Masaka Shinali,Q27963537,Jubilee Party of Kenya,Q5996095,Ikolomani Constituency,2013-08-31,,male,Q47494323-560925E2-30A0-401B-97CB-1C0DAA2CEA52
Q111188222,Benjamin Andola Andayi,Q1640905,Orange Democratic Movement,,,2013-03-28,2017-08,male,Q111188222-13E8CF04-2D77-4465-9DC6-311D50881E65
Q4888887,Benjamin Jomo Washiali,Q7887687,United Democratic Forum,,,2013-03-28,2017-08,male,Q4888887-357DDDA8-2DDE-46B3-B694-76215A9677B3
Q111188223,Benjamin Kipkirui Langat,Q7889105,United Republican Party,,,2013-03-28,2017-08,male,Q111188223-B84F60B4-C332-4401-BD69-53AC20C4B141
Q47494484,Benson Makali Mulu,Q5251223,Wiper Democratic Movement,,,2013-03-28,2017-08,male,Q47494484-2740537A-3D90-4F70-9169-E1002BF8E60E
Q16226678,Benson Mbai Itwiku,Q5473122,Forum for the Restoration of Democracy – People,,,2013-03-28,2017-08,male,Q16226678-4B1E01AB-03C0-4D17-B01A-AD744E2131AD
Q111188224,Benson Mutura Kangara,Q7193584,The National Alliance,,,2013-03-28,2017-08,male,Q111188224-218F79F8-065D-4ED6-A212-F6C33D834DB9
Q111188225,Bernard Munywoki Kitungi,Q5251223,Wiper Democratic Movement,,,2013-03-28,2017-08,male,Q111188225-09F9C952-A483-4F54-9608-CD5F826B85C1
Q111188226,Bishop Robert Mutemi Mutua,Q5251223,Wiper Democratic Movement,,,2013-03-28,2017-08,male,Q111188226-3241C76E-F6CB-4914-9746-729CED30227B
Q111188227,Bonface Okhiya Otsiula,Q7007666,New Forum for the Restoration of Democracy–Kenya,,,2013-03-28,2017-08,male,Q111188227-9751F9EA-E738-41FF-9434-3042FF33F0B5
Q111188228,Cecilia Chelangat Ngetich,Q7889105,United Republican Party,,,2013-03-28,2017-08,female,Q111188228-D649BC0B-E107-4763-AE19-8F6D5267271B
Q5056517,Cecily Mutitu Mbarire,Q7193584,The National Alliance,,,2013-03-28,2017-08,female,Q5056517-760597DF-E86C-4E7C-91C7-CE95F3B9A1F5
Q47493925,Charles Gumini Gimose,Q22666177,Federal Party of Kenya,,,2013-03-28,2017-08,male,Q47493925-4922C804-AEA5-4A60-9A12-3BA16F6F8BA7
Q111188229,Charles Mongare Geni,Q1640905,Orange Democratic Movement,,,2013-03-28,2017-08,male,Q111188229-0619E71E-A926-4096-BEE8-8EAE0BC5ABFE
Q47494778,Charles Muriuki Njagagua,Q15980825,Alliance Party of Kenya,,,2013-03-28,2017-08,male,Q47494778-B501AE12-EB92-4F86-BF4E-F7EDB7F810F1
Q5081173,Charles Mutisya Nyamai,Q5251223,Wiper Democratic Movement,,,2013-03-28,2017-08,male,Q5081173-7B1D40B8-615B-4383-AEA2-C86AEEF3A941
Q111188236,Chris Munga Nyamaratandi Bichage,Q1640905,Orange Democratic Movement,,,2013-03-28,2017-08,male,Q111188236-F782DA83-22A5-41D5-8B8B-2136887F12AA
Q47494460,Chrisantus Wamalwa Wakhungu,Q5473121,Forum for the Restoration of Democracy – Kenya,,,2013-03-28,2017-08,male,Q47494460-658E5849-729B-49CC-A818-D1E2E11C8446
Q47495156,Christopher Doye Nakuleu,Q7889105,United Republican Party,,,2013-03-28,2017-08,male,Q47495156-19C42049-AF55-48F1-92B5-D0ED0ADC6596
Q47493956,Christopher Omulele,Q1640905,Orange Democratic Movement,,,2013-03-28,2017-08,male,Q47493956-1141AFB4-EE9A-414A-A405-1FBB6CAB4196
Q5131380,Clement Muchiri Wambugu,Q7193584,The National Alliance,,,2013-03-28,2017-08,male,Q5131380-3C5ACA5E-940F-493B-BD7B-DC43C284AADA
Q47493985,Cornelly Serem,Q7889105,United Republican Party,,,2013-03-28,2017-08,male,Q47493985-08587056-50DB-47C8-937E-69DC5EE74376
Q47494314,Cyprian Kubai Iringo,Q1640905,Orange Democratic Movement,,,2013-03-28,2017-08,male,Q47494314-FE7AD45C-74EC-43BB-9E06-0069E2EF5740
Q5211525,Dalmas Otieno,Q1640905,Orange Democratic Movement,,,2013-03-28,2017-08,male,Q5211525-5B25968E-F8CA-4182-9BF7-4FE904CBE0BA
Q47495163,Daniel Epuyo Nanok,Q7889105,United Republican Party,,,2013-03-28,2017-08,male,Q47495163-788EA63A-8DDD-4BEA-BE4A-4EC8588BB93D
Q111188230,Daniel Kazungu Muzee,Q327591,independent politician,,,2013-03-28,2017-08,male,Q111188230-42AF55E7-6C33-4783-9332-A64614AF2838
Q47494709,Daniel Kitonga Maanzo,Q5251223,Wiper Democratic Movement,,,2013-03-28,2017-08,male,Q47494709-DB325990-9B71-40F0-9A9B-5EB89986AB00
Q47495190,Daniel Wanyama Sitati,Q7007666,New Forum for the Restoration of Democracy–Kenya,,,2013-03-28,2017-08,male,Q47495190-175BB154-F37E-438E-BF4C-C82F1136F90F
Q5233422,David Eseli Simiyu,Q5473121,Forum for the Restoration of Democracy – Kenya,Q47463467,Tongaren Constituency,2013-08-31,,male,Q5233422-475B3EED-D151-4CAC-BFE8-5735771E2FFB
Q47493905,David Gikaria.,Q7193584,The National Alliance,,,2013-03-28,2017-08,male,Q47493905-16220EBB-DB11-4B40-902D-98F1C856F746
Q47494744,David Kangogo Bowen,Q7889105,United Republican Party,,,2013-03-28,2017-08,male,Q47494744-43FB5BE0-91B2-46A6-A7C7-7B5A67ECCF55
Q111188231,David Karithi,Q7193584,The National Alliance,,,2013-03-28,2017-08,male,Q111188231-6438DA0D-351F-401A-9681-060D3128EFF1
Q47494925,David Losiakou Pkosing,Q7889105,United Republican Party,,,2013-03-28,2017-08,male,Q47494925-8113C9CA-8F6C-4D40-824A-1A105244DEC4
Q47493935,David Njuguna Kiaraho,Q7193584,The National Alliance,,,2013-03-28,2017-08,male,Q47493935-5E3B6338-D9F6-4481-93DE-7BA0C8518087
Q111179918,David Ochieng Ouma,Q1640905,Orange Democratic Movement,,,2013-03-28,2017-08,male,Q111179918-A2DCF84B-292C-4087-8517-60FA8BB24023
Q111188232,David Wafula Wekesa,Q7007666,New Forum for the Restoration of Democracy–Kenya,,,2013-03-28,2017-08,male,Q111188232-01077AAB-DFA6-48CC-965F-59A7E0176BAF
Q5240969,David Were,Q7007666,New Forum for the Restoration of Democracy–Kenya,,,2013-03-28,2017-08,male,Q5240969-B0032F78-7834-457C-9A79-62C842BF03ED
Q111188233,Dennis Kariuki Waweru,Q7193584,The National Alliance,,,2013-03-28,2017-08,male,Q111188233-B22CCB84-3DA2-4782-BC42-93C97EF4FF56
Q98118573,Dennitah Ghati,Q1640905,Orange Democratic Movement,,,2013-03-28,2017-08,female,Q98118573-09F09340-3EED-421C-89B3-4278699289E8
Q111188234,Diriye Abdullahi Mohamed,Q1640905,Orange Democratic Movement,,,2013-03-28,2017-08,male,Q111188234-66F20747-3880-45C0-A8DA-9AD0986DFE96
Q111188235,Dorcas Luvalitsa Kedogo,Q1640905,Orange Democratic Movement,,,2013-03-28,2017-08,female,Q111188235-120AC09A-F777-495D-93C0-63CF0D51BB69
Q111188241,Edwin Kipruto Barchilei,Q7889105,United Republican Party,,,2013-03-28,2017-08,male,Q111188241-D1B86D7C-F06A-4B45-9470-19000BF3E7FA
Q111188242,Ejidius Njogu Barua,Q7193584,The National Alliance,,,2013-03-28,2017-08,male,Q111188242-45C9A0C6-785D-4373-846A-315BFE9D99A1
Q47495159,Ekomwa Lomenen James,Q7193584,The National Alliance,,,2013-03-28,2017-08,,Q47495159-596F7DE2-74A8-449B-97B9-E69EA780816C
Q111188243,Elias Bare Shill,Q7889105,United Republican Party,,,2013-03-28,2017-08,male,Q111188243-716F4E01-7D7D-4B43-A3E2-B9A21B577DF8
Q346046,Elijah Lagat,Q7889105,United Republican Party,,,2013-03-28,2017-08,male,Q346046-A271ED58-159A-43E7-9ED0-FACE234002FA
Q47494347,Elijah Memusi Kanchory,Q1640905,Orange Democratic Movement,,,2013-03-28,2017-08,male,Q47494347-F63336EA-E654-4B4C-BA6F-EF766D4CC70E
Q111188244,Elijah Mosomi Moindi,Q10963557,National Rainbow Coalition – Kenya,,,2013-03-28,2017-08,male,Q111188244-BF260189-39EF-424E-9662-55A1B0B96A87
Q111188245,Elisha Kipkorir Busienei,Q7889105,United Republican Party,,,2013-03-28,2017-08,male,Q111188245-EF2298C1-1DB9-4E36-93F6-792BA4EB50AC
Q47494859,Emmanuel Wangwe,Q7887687,United Democratic Forum,,,2013-03-28,2017-08,male,Q47494859-2F63738A-9A39-43C6-8888-97469513FC7B
Q47494669,Enoch Wamalwa Kibunguchy,Q1640905,Orange Democratic Movement,,,2013-03-28,2017-08,male,Q47494669-5382CAA0-82A7-4801-9291-5E4B6A709496
Q111188248,Eric Arap Keter,Q1422517,Kenya African National Union,,,2013-03-28,2017-08,male,Q111188248-C3F7A960-FB27-4135-A729-F82545C5FF6B
Q5401255,Esther Murugi Mathenge,Q7193584,The National Alliance,,,2013-03-28,2017-08,female,Q5401255-02E339CC-5640-4D7A-96BD-0E52569A819D
Q111188249,Esther Nyambura Gathogo,Q7193584,The National Alliance,,,2013-03-28,2017-08,female,Q111188249-39327AA4-3048-4F22-BF9F-D1BB32542B2E
Q111188250,Eusilah Jepkosgei Ngeny,Q7889105,United Republican Party,,,2013-03-28,2017-08,female,Q111188250-E0AC7A0B-1B0A-413B-8976-0A01B3849A8E
Q17411041,Fatuma Ibrahim Ali,Q1640905,Orange Democratic Movement,,,2013-03-28,2017-08,female,Q17411041-FF1050E7-3ED4-4B63-BE4A-4FAA97CFA03B
Q47494623,Ferdinard Kevin Wanyonyi,Q5473121,Forum for the Restoration of Democracy – Kenya,,,2013-03-28,2017-08,male,Q47494623-9EA78BED-335E-4A7B-92DC-D41580A33A8F
Q111188251,Florence Kajuju,Q7193584,The National Alliance,,,2013-03-28,2017-08,female,Q111188251-BC7FA502-DF2E-43CC-999C-39411A8EDA7E
Q60332243,Florence Mwikali Mutua,Q1640905,Orange Democratic Movement,,,2013-03-28,2017-08,female,Q60332243-ACB884BA-4B74-44D4-88BD-A9CDD7B646C7
Q5480460,Francis Chachu Ganya,Q1640905,Orange Democratic Movement,,,2013-03-28,2017-08,male,Q5480460-AC2CC05F-FD7B-4474-83D6-2DD411CDC603
Q111188252,Francis Kigo Njenga,Q7193584,The National Alliance,,,2013-03-28,2017-08,male,Q111188252-A1353C8B-C775-495F-8219-7DD3AFC0A943
Q47494331,Francis Munyua Waititu,Q7193584,The National Alliance,,,2013-03-28,2017-08,male,Q47494331-EB47039F-79AE-4E39-A59A-FFAF9A6218E0
Q111188253,Francis Mwangangi Kilonzo,Q22666185,Muungano Party,,,2013-03-28,2017-08,male,Q111188253-A0E9677E-9D2F-4C6A-859B-B6EC4E75D70B
Q46190459,Francis Nyenze,Q5251223,Wiper Democratic Movement,,,2013-03-28,2017-08,male,Q46190459-5AF716CF-BEE8-4D34-A565-03DAA0F7E6CE
Q111188254,Francis Waweru Nderitu,Q7193584,The National Alliance,,,2013-03-28,2017-08,male,Q111188254-557D9897-3D74-43B7-BC53-52C9ECF3C43C
Q5491660,Franklin Linturi,Q7193584,The National Alliance,,,2013-03-28,2017-08,male,Q5491660-D58F9010-B9A3-4A83-B3BC-26BF3DB54BEE
Q5498498,Frederick Outa Otieno,Q1640905,Orange Democratic Movement,,,2013-03-28,2017-08,male,Q5498498-8A45F29A-6C00-4A35-B1C6-2B254946F1EB
Q111188255,G.J. Munuve Mati,Q5251223,Wiper Democratic Movement,,,2013-03-28,2017-08,male,Q111188255-D9BB84D6-E0BB-43B2-86F0-751A02D50B82
Q47494758,Geoffrey Makokha Odanga,Q1640905,Orange Democratic Movement,,,2013-03-28,2017-08,male,Q47494758-E25EF021-62C2-4623-8C54-2355C60B15C3
Q111188256,George Mike Wanjohi,Q7193584,The National Alliance,,,2013-03-28,2017-08,male,Q111188256-B8EB3064-6AF8-4FBF-A5E7-475BB7FB1C57
Q19008951,George Muchai,Q327591,independent politician,,,2013-03-28,2017-08,male,Q19008951-602C6627-BDE4-424C-AE2B-D55C58345A62
Q111188257,George Oner Ogalo,Q1640905,Orange Democratic Movement,,,2013-03-28,2017-08,male,Q111188257-5C2F6310-1C49-4B91-87D0-32D8E5619261
Q47494313,George Peter Opondo Kaluma,Q1640905,Orange Democratic Movement,,,2013-03-28,2017-08,male,Q47494313-7926CA59-2B61-47EB-9964-DC748DEB9714
Q47493970,George Theuri,Q7193584,The National Alliance,,,2013-03-28,2017-08,male,Q47493970-8AB7CA14-3F26-4218-BAB1-DC54F491FF2A
Q111188258,George Washinton Mallan Omondi,Q5251223,Wiper Democratic Movement,,,2013-03-28,2017-08,male,Q111188258-4CB9EBC2-67E1-450C-8A8C-AE2425634808
Q111188259,Gideon Maitha,Q1640905,Orange Democratic Movement,,,2013-03-28,2017-08,male,Q111188259-50F2B8E4-0514-4997-B524-6EBC889D5851
Q21062735,Gideon Mwiti,Q15980825,Alliance Party of Kenya,,,2013-03-28,2017-08,male,Q21062735-264C53A1-E622-48FE-A029-B1E795184EC8
Q47494201,Gideon Ochanda Ogolla,Q1640905,Orange Democratic Movement,,,2013-03-28,2017-08,male,Q47494201-E25BD7C3-A806-4311-B598-58DF30D5AB13
Q47493894,Gideon Sitelu Konchela,Q7889105,United Republican Party,,,2013-03-28,2017-08,male,Q47493894-2DFA4BC8-FB53-42C5-A2ED-93AE862B6167
Q47489052,Gladys Atieno Nyasuna Wanga,Q1640905,Orange Democratic Movement,,,2013-03-28,2017-08,female,Q47489052-79AE1494-7E4E-42C2-A311-3550D3510FC3
Q18217506,Grace Jelagat Kipchoim,Q7889105,United Republican Party,,,2013-03-28,2017-08,female,Q18217506-A6AEC6B4-C0AC-426A-96B8-7AFEA2499B33
Q17386192,Grace Kiptui,Q7889105,United Republican Party,,,2013-03-28,2017-08,female,Q17386192-C98C139A-76EB-48CB-9547-87766082ED30
Q111188260,Halima Ware Duri,Q5251223,Wiper Democratic Movement,,,2013-03-28,2017-08,female,Q111188260-340EE2C8-6E8A-4607-BDF7-B468E45DE8DC
Q111188261,Harrison Garama Kombe,Q7889105,United Republican Party,,,2013-03-28,2017-08,male,Q111188261-FAD8E6DB-ED91-4B30-9D4F-FC0C458634FD
Q111188262,Hassan Abdi Dukicha,Q7887687,United Democratic Forum,,,2013-03-28,2017-08,male,Q111188262-CE17F097-7269-44A2-8C11-AE1284798765
Q111188263,Hassan Aden Osman,Q7887687,United Democratic Forum,,,2013-03-28,2017-08,male,Q111188263-A025F41E-6EF3-4069-89F8-0BA379099BA8
Q111188264,Hassan Mohamed Mwanyoha,Q1640905,Orange Democratic Movement,,,2013-03-28,2017-08,male,Q111188264-74E93C55-23CA-4AC2-A829-7CF62F033264
Q111188265,Hellen Chelangat Chepkwony,Q7889105,United Republican Party,,,2013-03-28,2017-08,female,Q111188265-525A9D76-866C-43C4-8400-BB201968EC72
Q111188237,Hellen Sambili,Q1422517,Kenya African National Union,,,2013-03-28,2017-08,female,Q111188237-9CFE0DB3-9631-408C-812E-2A1D27DC3DD0
Q111188266,Hezron Awiti Bollo,Q5251223,Wiper Democratic Movement,,,2013-03-28,2017-08,male,Q111188266-7B779BB8-E686-4B1D-A085-4164178D6C9D
Q16194232,Humphrey Kimani Njuguna,Q3130920,National Rainbow Coalition,,,2013-03-28,2017-08,male,Q16194232-2BFCB675-C266-414C-8287-F906767C237C
Q111188268,Ibrahim Abdi Saney,Q1640905,Orange Democratic Movement,,,2013-03-28,2017-08,male,Q111188268-2E7C07C2-53AB-41B5-9524-885C6C673E3C
Q111188269,Ibrahim Ahmed Abass,Q1640905,Orange Democratic Movement,,,2013-03-28,2017-08,male,Q111188269-898792F2-4E67-456C-AAC6-8E68791D1EE1
Q111188270,Ibrahim Ahmed Sane,Q7889105,United Republican Party,,,2013-03-28,2017-08,male,Q111188270-41FA33FE-3802-4AE0-8058-AF4629BC5CD6
Q16194826,Irshadali Sumra,Q1640905,Orange Democratic Movement,,,2013-03-28,2017-08,male,Q16194826-671083B2-FB86-44C4-924F-C2DD06455B3B
Q28113009,Irungu Kang'ata,Q7193584,The National Alliance,,,2013-03-28,2017-08,male,Q28113009-BF765152-C20F-4AE1-80B2-5ECD8947748A
Q20744564,Isaac Mwaura,Q1640905,Orange Democratic Movement,,,2013-03-28,2017-08,male,Q20744564-CB728FAF-3074-4499-BB37-50D26F78A791
Q47493910,Isaac Waihenya Ndirangu,Q7193584,The National Alliance,,,2013-03-28,2017-08,male,Q47493910-D09EF1D1-C842-4054-96F2-6F26F73C3062
Q111188271,Jackson Kipkorir Rop,Q7889105,United Republican Party,,,2013-03-28,2017-08,male,Q111188271-C40CFFEC-7250-4B0F-978B-8A4D5BF0F814
Q6117200,Jackson Kiptanui,Q7889105,United Republican Party,,,2013-03-28,2017-08,male,Q6117200-5F8C522D-D137-45C9-8CDF-F9E04333B378
Q111188272,Jacob Waweru Macharia,Q7193584,The National Alliance,,,2013-03-28,2017-08,male,Q111188272-6590F3DC-AF33-4421-A717-201C4EE35C7E
Q111188273,James Kimaru Bett,Q7889105,United Republican Party,,,2013-03-28,2017-08,male,Q111188273-FEC09B66-318C-4384-9EF9-75667E9F9ABA
Q47494393,James Kipkosgei Murgor,Q7889105,United Republican Party,,,2013-03-28,2017-08,male,Q47494393-C6E7EDEB-E86B-46E9-A4D8-679BAF7C3455
Q6137496,James Kwanya Rege,Q1640905,Orange Democratic Movement,,,2013-03-28,2017-08,male,Q6137496-BB4BEB88-436F-41A5-864A-5E6CA6A56624
Q47493944,James Lusweti Mukwe,Q5473121,Forum for the Restoration of Democracy – Kenya,,,2013-03-28,2017-08,male,Q47493944-28CB2EF1-5DE0-4457-8E61-7DC3363123BA
Q47493951,James Mwangi Gakuya,Q7193584,The National Alliance,,,2013-03-28,2017-08,male,Q47493951-7C32E027-AC74-4ABD-8DF2-2EC1EDE9BFE4
Q111188274,James Ndungu Gethenji,Q7193584,The National Alliance,,,2013-03-28,2017-08,male,Q111188274-7ABF812C-A276-482F-9368-D9D621DC4C8E
Q6140626,James Ondicho Gesami,Q1640905,Orange Democratic Movement,,,2013-03-28,2017-08,male,Q6140626-253D5E5A-1F07-4D30-A08E-BAE1AA1F9BF1
Q47494809,James Onyango K'Oyoo,Q22666200,Peoples Democratic Party,,,2013-03-28,2017-08,male,Q47494809-F9EE60BA-D2F7-4870-AD7C-5D58FBC3BE7A
Q47495169,James Opiyo Wandayi,Q1640905,Orange Democratic Movement,,,2013-03-28,2017-08,male,Q47495169-99EA50DC-BDA3-40B3-B514-4AB9CFC4E66D
Q47493920,James Wambura Nyikal,Q1640905,Orange Democratic Movement,,,2013-03-28,2017-08,male,Q47493920-BA066642-5E80-4358-B613-F0DB90414D25
Q6147903,Jamleck Irungu Kamau,Q7193584,The National Alliance,,,2013-03-28,2017-08,male,Q6147903-E83E4CBA-42E0-4238-A139-82EA4C43629A
Q111188275,Jane Agnes Wanjira Machira,Q7193584,The National Alliance,,,2013-03-28,2017-08,female,Q111188275-3690D78A-DB5D-4168-B929-953F04CAAB30
Q47490039,Janet Marania Teyiaa,Q7193584,The National Alliance,,,2013-03-28,2017-08,female,Q47490039-056CF543-BDF1-4A2A-B255-6105FCEC97EE
Q47490075,Janet Nangabo Wanyama,Q7007666,New Forum for the Restoration of Democracy–Kenya,,,2013-03-28,2017-08,female,Q47490075-946E1E7B-6FDF-43F9-98C1-C1A45D2FE3DF
Q16730588,Japhet Kareke Mbiuki,Q7193584,The National Alliance,,,2013-03-28,2017-08,male,Q16730588-D854FB9E-0E17-4712-8CEC-F467C0274A3E
Q111188276,Jared Odhiambo Opiyo,Q5473121,Forum for the Restoration of Democracy – Kenya,,,2013-03-28,2017-08,male,Q111188276-987A7B2A-AB21-4431-80A3-176D2B63881B
Q47494415,Jessica Nduku Kiko Mbalu,Q5251223,Wiper Democratic Movement,,,2013-03-28,2017-08,female,Q47494415-1D70CBE2-F9E4-4A6F-8720-1D22B9484D1D
Q47494517,Jimmy Nuru Ondieki Angwenyi,Q7193584,The National Alliance,,,2013-03-28,2017-08,male,Q47494517-EF1C76AB-0C9B-4893-9206-42DFF35AAA9D
Q111188277,Joash Odhiambo Olum,Q1640905,Orange Democratic Movement,,,2013-03-28,2017-08,male,Q111188277-6665B554-47B5-4DD1-A145-E40A887D6639
Q111188278,Joe Musyimi Mutambu,Q5251223,Wiper Democratic Movement,,,2013-03-28,2017-08,male,Q111188278-A946F0FB-51AD-40EB-896F-96B6A10CEE80
Q111188279,Joel Onyancha,Q7193584,The National Alliance,,,2013-03-28,2017-08,male,Q111188279-2721F53A-C194-4E71-ACEF-EBF9D0906D33
Q47493962,Johana Ngeno Kipyegon,Q6392670,Kenya National Congress,,,2013-03-28,2017-08,female,Q47493962-ADBA33CC-71A4-41B4-ABD3-0E36C9D6BEF5
Q111188280,John Bomet Serut,Q327591,independent politician,,,2013-03-28,2017-08,male,Q111188280-A4B8339F-465C-4A3E-B2E3-77F314494067
Q111188281,John Karanja Kihagi,Q7193584,The National Alliance,,,2013-03-28,2017-08,male,Q111188281-D5D791B0-7CCF-4891-8D14-83BF2A55D753
Q111188246,John Kiragu Chege,Q7193584,The National Alliance,,,2013-03-28,2017-08,male,Q111188246-9B2B0E0B-351B-47D2-9B95-E951F16EF20F
Q47495147,John Lodepe Nakara,Q7889105,United Republican Party,,,2013-03-28,2017-08,male,Q47495147-BBA27482-E3AA-4A21-AE5A-DB7B342B6E74
Q47494735,John Muchiri Nyaga,Q7193584,The National Alliance,,,2013-03-28,2017-08,male,Q47494735-066C3E3E-26A1-4A8B-9DD0-768C48C7199D
Q111188282,John Muriithi Waiganjo,Q7193584,The National Alliance,,,2013-03-28,2017-08,male,Q111188282-1D282B0F-F14A-4338-B6A4-01032E5FF9A0
Q111177826,John Ndirangu Kariuki,,,,,2013-03-10,2017-07-16,male,Q111177826-D0E1D721-25F2-4F5E-AC3D-BDACD349A928
Q111188283,John Njoroge Chege,Q7193584,The National Alliance,,,2013-03-28,2017-08,male,Q111188283-45CF8CC0-5F2A-4FCE-891A-085E7CFE3F32
Q111188284,John Ogutu Omondi,Q1640905,Orange Democratic Movement,,,2013-03-28,2017-08,male,Q111188284-589A9FA1-F612-4992-9FC0-2C86DEA2DACF
Q6251185,John Olago Aluoch,Q5473121,Forum for the Restoration of Democracy – Kenya,,,2013-03-28,2017-08,male,Q6251185-203BB09E-42FA-440C-9E55-9DC9DF84B837
Q47494200,John Oroo Oyioka,Q1422517,Kenya African National Union,,,2013-03-28,2017-08,male,Q47494200-327FB411-97F0-43D7-A161-FC19F9A91ABF
Q111188285,John Owuor Onyango Kobado,Q1640905,Orange Democratic Movement,,,2013-03-28,2017-08,male,Q111188285-7240300F-397D-488E-BF4E-D9278062F60F
Q47495024,John Waluke Koyi,Q1640905,Orange Democratic Movement,,,2013-03-28,2017-08,male,Q47495024-3831C5B5-ECC2-4410-9990-E0050B815FBE
Q111188286,Johnson Arthur Sakaja,Q327591,independent politician,,,2013-03-28,2017-08,male,Q111188286-40F90D94-4A37-4E38-A1A0-B8156A73EB97
Q47494819,Johnson Manya Naicca,Q1640905,Orange Democratic Movement,,,2013-03-28,2017-08,male,Q47494819-412476A2-9BA7-44F0-B0A3-563DE88AE446
Q111188287,Jonathan Lelelit Lati,Q7889105,United Republican Party,,,2013-03-28,2017-08,male,Q111188287-4C8B5A90-8E1D-4D49-BF5F-6C1C473232B7
Q47495180,Jones Mwagogo Mlolwa,Q1640905,Orange Democratic Movement,,,2013-03-28,2017-08,male,Q47495180-555C4741-F32F-43DA-B50C-4EC34C6CAF89
Q6283465,Joseph Gitari,Q7193584,The National Alliance,,,2013-03-28,2017-08,male,Q6283465-7FA43355-0C9B-4DA8-B014-739E83FABC0F
Q16499778,Joseph Lekuton,Q1640905,Orange Democratic Movement,,,2013-03-28,2017-08,male,Q16499778-68C227BE-AF11-4277-B5F4-F9400D13D618
Q111188288,Joseph M'eruaki M'uthari,Q7193584,The National Alliance,,,2013-03-28,2017-08,male,Q111188288-55F1F981-BB31-47E1-8DEF-BCA2025E9DD1
Q111188289,Joseph Mburu Kahangara,Q7193584,The National Alliance,,,2013-03-28,2017-08,male,Q111188289-FDE35EC5-6E1D-4B56-9243-361B9EE7A861
Q16730905,Joseph Nganga Kiuna,Q7193584,The National Alliance,,,2013-03-28,2017-08,male,Q16730905-42A28C4B-AFEC-42CC-AB7B-FA04C667DEC8
Q111188290,Joseph Ngugi Nyumu,Q327591,independent politician,,,2013-03-28,2017-08,male,Q111188290-EE2B9C05-4E14-4D70-9E44-3322BD10C32D
Q111188291,Joseph Obiero Ndiege,Q1640905,Orange Democratic Movement,,,2013-03-28,2017-08,male,Q111188291-5B865B0E-7FD5-4DAD-AFB2-2926645B2424
Q6285933,Joseph Ole Nkaissery,,,Q6348981,Kajiado Central Constituency,2013-03-28,2014-12-02,male,Q6285933-DD96D001-349D-47E4-BD8A-68C4C27080DA
Q6285990,Joseph Oyugi Magwanga,Q1640905,Orange Democratic Movement,,,2013-03-28,2017-08,male,Q6285990-1DE1D99B-2749-4276-B482-45B29EFBB988
Q111188292,Joseph Samal Lomwa,Q7889105,United Republican Party,,,2013-03-28,2017-08,male,Q111188292-E2EC0F92-C3F4-486C-9B4B-B4650E7F4686
Q47494350,Joseph Wathigo Manje,Q7193584,The National Alliance,,,2013-03-28,2017-08,male,Q47494350-9475D47E-730C-403E-AFC9-088DB4975090
Q47494872,Joshua Aduma Owuor,Q1640905,Orange Democratic Movement,,,2013-03-28,2017-08,male,Q47494872-6EA001D1-20A3-4434-ADE6-3BCBC07FFF8C
Q47490076,Joyce Akai Emanikor,Q7889105,United Republican Party,,,2013-03-28,2017-08,female,Q47490076-11F3CAA5-A51E-496C-80B9-1E0A5E8EDF0B
Q6297432,Joyce Cherono Laboso,Q7889105,United Republican Party,,,2013-03-28,2017-08,female,Q6297432-B5409595-A457-495B-B4CE-B0B0BC68FB33
Q111188293,Joyce Wanjalah Lay,Q1640905,Orange Democratic Movement,,,2013-03-28,2017-08,female,Q111188293-3FB07ED2-04A7-4666-9C8A-BFAE10DDD603
Q47494407,Jude L Kangethe Njomo,Q7193584,The National Alliance,,,2013-03-28,2017-08,male,Q47494407-D857C147-3897-40E5-94D0-325CA726D860
Q47495140,Julius Kipbiwot,Q7889105,United Republican Party,,,2013-03-28,2017-08,male,Q47495140-A1E96F5B-2D0F-431A-BC40-224FFE622A2E
Q111188294,Julius Ndegwa Kariuki,Q6392670,Kenya National Congress,,,2013-03-28,2017-08,male,Q111188294-7CE35D28-CE3C-4BD4-A007-C9DFFFFCC09D
Q47495084,Junet Sheikh Nuh,Q1640905,Orange Democratic Movement,,,2013-03-28,2017-08,,Q47495084-9FEC1EC3-CE03-412A-84C8-0FF01C0B4ACE
Q111188295,Justice Kipsang Kemei,Q7889105,United Republican Party,,,2013-03-28,2017-08,male,Q111188295-3150AA1E-9957-4D24-97BA-6F9AC8698386
Q6343844,Kabando wa Kabando,Q7193584,The National Alliance,,,2013-03-28,2017-08,male,Q6343844-33764801-4F61-4127-99E2-4862DE2287F0
Q47494960,Kajwang' Tom Joseph Francis,Q1640905,Orange Democratic Movement,,,2013-03-28,2017-08,male,Q47494960-D79CD10A-FADE-489F-81C6-EA7FADBAD853
Q47495046,Kathuri Murungi,Q7193584,The National Alliance,,,2013-03-28,2017-08,,Q47495046-BC2429A1-EC36-4C30-AEB9-DA2BA563B845
Q111188296,Ken Obura Mirenga,Q1640905,Orange Democratic Movement,,,2013-03-28,2017-08,male,Q111188296-C6AC6EA3-78EE-494B-9B9F-FA9BB11F1273
Q47494410,Kenneth Odhiambo Okoth,Q1640905,Orange Democratic Movement,,,2013-03-28,2017-08,male,Q47494410-63291AE6-8C66-42B8-B880-591B289AF7CA
Q18388019,Khatib Mwashetani,Q5473121,Forum for the Restoration of Democracy – Kenya,,,2013-03-28,2017-08,male,Q18388019-AA82DAA5-779C-41C0-BB5A-CCB427ABE29A
Q16866303,Kinoti Gatobu,Q327591,independent politician,,,2013-03-28,2017-08,male,Q16866303-5F3FB326-A8B1-4955-890C-82CF7D252449
Q47494946,Kipruto Moi,Q1422517,Kenya African National Union,,,2013-03-28,2017-08,,Q47494946-880D11D1-4AC3-44C2-ABA1-4A49F197837A
Q47494470,Kirui Joseph Limo,Q7889105,United Republican Party,,,2013-03-28,2017-08,male,Q47494470-9E2F62DD-A1AD-41E6-9FF6-F8A9F7A39DBD
Q47493913,Korei Ole Lemein,Q7889105,United Republican Party,,,2013-03-28,2017-08,,Q47493913-20D4EE75-8924-4C35-9AB1-CD861B7213DB
Q111188297,Lawrence Mpuru Aburi,Q1640905,Orange Democratic Movement,,,2013-03-28,2017-08,male,Q111188297-7A2BDB7E-65FD-4801-881B-BBD84ADB8CC3
Q47494853,Lemanken Aramat,Q7889105,United Republican Party,,,2013-03-28,2017-08,,Q47494853-7AB558E6-B567-4691-968F-917EB7FFACD4
Q111188298,Leonard Kipkosgei Sang,Q7889105,United Republican Party,,,2013-03-28,2017-08,male,Q111188298-20A3E032-5898-45FC-AB71-4076DC0C127F
Q111188299,Lisamula Silverse Anami,Q1640905,Orange Democratic Movement,,,2013-03-28,2017-08,male,Q111188299-DF9F48F3-CBEE-4449-88F5-3A16504B0DDC
Q111188300,Mahbub Fathia,Q7889105,United Republican Party,,,2013-03-28,2017-08,female,Q111188300-1D7D5B3B-1637-477E-81D8-D4DB76EC949E
Q47490069,Maison Leshoomo,Q7193584,The National Alliance,,,2013-03-28,2017-08,female,Q47490069-F21C6079-79F2-412D-A183-F31BD5695A11
Q111188301,Manson Nyamweya,Q1640905,Orange Democratic Movement,,,2013-03-28,2017-08,male,Q111188301-C0AAB6F3-B479-44AC-B64D-BC13BB49F972
Q111188302,Marcus Mutua Muluvi,Q5251223,Wiper Democratic Movement,,,2013-03-28,2017-08,male,Q111188302-A9AAEB20-18A3-483A-B2F5-769FAA702E21
Q47494339,Mark Lomunokol,Q7889105,United Republican Party,,,2013-03-28,2017-08,male,Q47494339-4B3D1950-7E89-49B6-A82A-D92D10DF2442
Q111188303,Mary Emaase Otuch,Q7889105,United Republican Party,,,2013-03-28,2017-08,female,Q111188303-495A303D-6DE0-461C-A08E-12436240620E
Q111188304,Mary Njoki G Mbugua,Q7193584,The National Alliance,,,2013-03-28,2017-08,female,Q111188304-54B1F297-12A2-4BFB-89CB-177DBCDC7F06
Q111188305,Mary Sally Keraa,Q1640905,Orange Democratic Movement,,,2013-03-28,2017-08,female,Q111188305-B2372F01-5FA7-4578-9735-2B1F939A95E6
Q111188306,Mary Wambui Munene,Q7193584,The National Alliance,,,2013-03-28,2017-08,female,Q111188306-AC0D7D4B-1721-4C15-BB52-80FE55ED607B
Q47516278,Mary Yiane Seneta,Q7193584,The National Alliance,,,2013-03-28,2017-08,female,Q47516278-327164E0-A5B0-4A6A-8AF8-C5F3B797E01D
Q47493958,Mathenge James Kanini Kega,Q7193584,The National Alliance,,,2013-03-28,2017-08,,Q47493958-6E16E05F-30E2-42C0-86E9-087D56C06203
Q111188307,Mathew Lekidime Lempurkel,Q1640905,Orange Democratic Movement,,,2013-03-28,2017-08,male,Q111188307-9196EADF-5D08-4890-B19F-9666B7B7A0EB
Q47494619,Mathias Nyamabe Robi,Q7889105,United Republican Party,,,2013-03-28,2017-08,male,Q47494619-13CF58A9-7B98-46FD-BE1E-F2AC5FC1EAA3
Q111188308,Maweu Kyengo Katatha,Q22666212,The Independent Party,,,2013-03-28,2017-08,male,Q111188308-58BB0932-FE75-4A82-98F9-A6910D5C5979
Q6799567,Mbadi John Ng'ongo,Q1640905,Orange Democratic Movement,,,2013-03-28,2017-08,male,Q6799567-008026A9-A670-47B5-B9D6-94702ABA419F
Q47494354,Metito Judah Katoo,Q7193584,The National Alliance,,,2013-03-28,2017-08,,Q47494354-2DB07C28-46CA-491B-A64F-E9185880305C
Q111188309,Michael Aringo Onyura,Q22666177,Federal Party of Kenya,,,2013-03-28,2017-08,male,Q111188309-157CD270-C03D-47B6-83A2-81F9BE63A807
Q111188310,Michael Manthi Kisoi,Q5251223,Wiper Democratic Movement,,,2013-03-28,2017-08,male,Q111188310-F26799B4-EA86-41FE-B8DF-3617C0CB4C8D
Q47495077,Millie Grace Akoth Odhiambo,Q1640905,Orange Democratic Movement,,,2013-03-28,2017-08,female,Q47495077-C91A1429-E501-4433-B23F-D40DE5FE4377
Q47494664,Mishi Juma Khamisi Mboko,Q1640905,Orange Democratic Movement,,,2013-03-28,2017-08,,Q47494664-B0B018F8-8CE3-4E42-B34B-89B703F86DCB
Q111188311,Mohamed Abdi Haji Mohamed,Q7889105,United Republican Party,,,2013-03-28,2017-08,male,Q111188311-26908008-5177-4C40-96ED-529B5E4972AE
Q111188312,Mohamed Adan Huka,Q7889105,United Republican Party,,,2013-03-28,2017-08,male,Q111188312-A129A6C1-F122-40F8-9CF3-1F9992672003
Q47494238,Mohamed Dahir Duale,Q1640905,Orange Democratic Movement,,,2013-03-28,2017-08,male,Q47494238-5D3A1546-2F65-4167-A628-28A3625E44A8
Q6891260,Mohamed Ibrahim Elmi,Q327591,independent politician,,,2013-03-28,2017-08,male,Q6891260-678777E0-8ABD-4DFC-A0F4-505BB53A9E80
Q6891343,Mohamed Maalim Mohamud,Q7889105,United Republican Party,,,2013-03-28,2017-08,male,Q6891343-45D5EEED-E8FB-4E66-B6E9-26EEB94D7FB6
Q111188313,Mohamed Muktar Shidiye,Q7193584,The National Alliance,,,2013-03-28,2017-08,male,Q111188313-CA0AB849-0D56-417B-8EC7-BF8FA04CB720
Q47494557,Moses Kipkemboi Cheboi,Q1422517,Kenya African National Union,,,2013-03-28,2017-08,male,Q47494557-E9FA4106-CDC0-44DB-BAB1-F6762A985B37
Q22278744,Moses Kuria,Q7193584,The National Alliance,,,2013-03-28,2017-08,male,Q22278744-170B39EA-1C2F-4D31-B499-7F89D048976F
Q16731419,Moses Lessonet,Q7889105,United Republican Party,,,2013-03-28,2017-08,male,Q16731419-5DA6AE63-F7B7-4686-B895-6D894FFFAFF4
Q47494713,Moses Malulu Injendi,Q22666315,Maendeleo Democratic Party,,,2013-03-28,2017-08,male,Q47494713-1D553963-F437-4D87-99C0-98FC5D641DFC
Q111188314,Moses Somoine ole Sakuda,Q7193584,The National Alliance,,,2013-03-28,2017-08,male,Q111188314-7E0695D3-AC67-41E3-BACD-AD672C3ECC6C
Q6943746,Mutava Musyimi,Q7193584,The National Alliance,,,2013-03-28,2017-08,male,Q6943746-B5960F16-72BF-4105-ABD6-755CEBF47F84
Q43927930,Muthomi Njuki,Q15980825,Alliance Party of Kenya,,,2013-03-28,2017-08,male,Q43927930-76A4C053-2008-4672-8B1F-9800B229DEC0
Q6944629,Mwalimu Masudi Mwahima,Q1640905,Orange Democratic Movement,,,2013-03-28,2017-08,male,Q6944629-49F8E6B2-CD3E-461F-B6DA-267F35C4980B
Q111188315,Mwinga Gunga Chea,Q22666182,Kenya African Democratic Union – Asili,,,2013-03-28,2017-08,male,Q111188315-3A473D03-EC61-437C-AA66-CF7B2DF3BDD0
Q16885582,Naomi Shaban,Q7193584,The National Alliance,,,2013-03-28,2017-08,female,Q16885582-DFCBC67D-7960-4167-8C00-A88C85CB39D1
Q111188316,Nasra Ibrahim Ibren,Q1640905,Orange Democratic Movement,,,2013-03-28,2017-08,female,Q111188316-7CB15EDA-791F-49CB-94D1-8E3275A4FB9A
Q6990527,Nelson Gaichuhie,Q7193584,The National Alliance,,,2013-03-28,2017-08,male,Q6990527-97AF651A-8B76-4ABA-B181-C280DC63404D
Q7025483,Nicholas Gumbo,Q1640905,Orange Democratic Movement,,,2013-03-28,2017-08,male,Q7025483-B4AD6AD5-6414-4C74-94BE-6538C7174587
Q111188317,Nicholas Ngikor Nixon,Q5473121,Forum for the Restoration of Democracy – Kenya,,,2013-03-28,2017-08,male,Q111188317-9C2C9C02-D1D9-4F95-B740-82C5B6407069
Q7071124,Nyiva Mwendwa,Q5251223,Wiper Democratic Movement,,,2013-03-28,2017-08,female,Q7071124-B5BBEF74-F710-4345-90CF-9544335D55CD
Q2013243,Oburu Odinga,Q1640905,Orange Democratic Movement,,,2013-03-28,2017-08,male,Q2013243-3CA04205-B382-48A0-BEA7-5655D3C713E7
Q47493923,Omar Mwinyi Shimbwa,Q1640905,Orange Democratic Movement,,,2013-03-28,2017-08,male,Q47493923-A84E831A-C63E-407E-8226-A266B38E71D7
Q47490071,Ombaka Christine Oduor,Q1640905,Orange Democratic Movement,,,2013-03-28,2017-08,female,Q47490071-81FBFA6D-0C8C-423C-95B3-8C3938AE72AF
Q47493992,Onesmas Kimani Ngunjiri,Q7193584,The National Alliance,,,2013-03-28,2017-08,,Q47493992-A7E20EAF-7BD6-4392-A2CE-C0FDDFD4248C
Q47494377,Oscar Kipchumba Sudi,Q7889105,United Republican Party,,,2013-03-28,2017-08,male,Q47494377-9D885A73-DFE7-470B-AD68-AD972A8075D1
Q111188318,Patrick Keturet Ole Ntutu,Q7889105,United Republican Party,,,2013-03-28,2017-08,male,Q111188318-F9C5F3FA-DC8D-4076-97B3-4264BA99354F
Q47494776,Patrick Makau King'ola,Q5251223,Wiper Democratic Movement,,,2013-03-28,2017-08,male,Q47494776-27889DF0-7645-44B8-AD6B-4D42AE0AB46F
Q47494421,Patrick Mweu Musimba,Q327591,independent politician,,,2013-03-28,2017-08,male,Q47494421-248BAE10-4F05-410C-98C6-BDD3F35D4EA7
Q111188319,Patrick Wangamati,Q5473121,Forum for the Restoration of Democracy – Kenya,,,2013-03-28,2017-08,male,Q111188319-2640DEDE-0A6E-454A-B90D-8955B47736F1
Q111188320,Paul Kipchirchir Bii,Q7889105,United Republican Party,,,2013-03-28,2017-08,male,Q111188320-CE32E8F4-625E-4302-B5AE-400545E753B3
Q47494404,Paul Koinange,Q7193584,The National Alliance,,,2013-03-28,2017-08,male,Q47494404-E60943E2-C4C9-4451-B4FD-F134A6434B52
Q7152844,Paul Otuoma,Q1640905,Orange Democratic Movement,,,2013-03-28,2017-08,male,Q7152844-6DA89E71-CF6B-4BC3-9713-FF0AF6413F78
Q47493974,Paul Simba Arati,Q1640905,Orange Democratic Movement,,,2013-03-28,2017-08,male,Q47493974-DA797957-3870-43A7-913D-B4AABB81D3C6
Q16886147,Peris Tobiko,Q7193584,The National Alliance,,,2013-03-28,2017-08,female,Q16886147-D85AD658-FD20-4D57-A2D9-9D3B796DB931
Q7173815,Peter Edick Omondi Anyanga,Q1640905,Orange Democratic Movement,,,2013-03-28,2017-08,male,Q7173815-59CCA9DA-859A-423E-85DD-269136E7F609
Q111188321,Peter Kamande Mwangi,Q7193584,The National Alliance,,,2013-03-28,2017-08,male,Q111188321-010340E7-87A4-482E-9CA4-AD3956B753E0
Q7176115,Peter Njoroge Baiya,Q7193584,The National Alliance,,,2013-03-28,2017-08,male,Q7176115-3E2AC210-AA74-4F63-A983-418B29AC784B
Q7176118,Peter Njuguna Gitau,Q7193584,The National Alliance,,,2013-03-28,2017-08,male,Q7176118-37F6F4AC-C19F-42CB-BA7B-872F612FB465
Q111188322,Peter Safari Shehe,Q22666177,Federal Party of Kenya,,,2013-03-28,2017-08,male,Q111188322-E40A7468-BC30-41E2-8FF7-90B3DB8D5C38
Q111188323,Peter Weru Kinyua,Q3130920,National Rainbow Coalition,,,2013-03-28,2017-08,male,Q111188323-BDA19C13-1EB4-4351-BF75-A0291CA9A6A3
Q111188324,Philip Lotiolo Ruto Rotino,Q7889105,United Republican Party,,,2013-03-28,2017-08,male,Q111188324-30025420-AF75-40B3-98FC-5B4BE66D9EED
Q111188325,Priscilla Nyokabi Kanyua,Q7193584,The National Alliance,,,2013-03-28,2017-08,female,Q111188325-41C6931A-4F65-48E8-88F8-80F694497907
Q111188326,Protus Ewesit Akujah,Q1640905,Orange Democratic Movement,,,2013-03-28,2017-08,male,Q111188326-315570F9-B8AC-48D9-8F8E-6D68EA6726BE
Q47494506,Rachael Kaki Nyamai,Q3130920,National Rainbow Coalition,,,2013-03-28,2017-08,female,Q47494506-0EF0A57B-65CF-45DB-8166-D68061FCE0C0
Q111188327,Rachel Ameso Amolo,Q1640905,Orange Democratic Movement,,,2013-03-28,2017-08,female,Q111188327-D1889DF0-EC86-4432-BB75-B0009EC67E81
Q107222476,Rachel Shebesh,Q7193584,The National Alliance,,,2013-03-28,2017-08,female,Q107222476-AD82AC37-E59B-4562-9058-EF75EBE11C57
Q7293983,Raphael Lentimalo,Q7193584,The National Alliance,,,2013-03-28,2017-08,male,Q7293983-46BBB7F9-5CAA-4383-9A5D-8F0C7C019D2C
Q111188328,Raphael Milikau Otaalo,Q1640905,Orange Democratic Movement,,,2013-03-28,2017-08,male,Q111188328-7CC1ADFC-BA13-464A-8D73-011020535F9B
Q111188329,Rashid Juma Bedzimba,Q1640905,Orange Democratic Movement,,,2013-03-28,2017-08,male,Q111188329-82A7519D-9E6B-49B4-BAC3-CFA991685E75
Q111188330,Regina Nthambi Muia,Q5251223,Wiper Democratic Movement,,,2013-03-28,2017-08,female,Q111188330-1DD8D436-2225-4EAE-83AA-4C5E5FF61D6E
Q111188331,Regina Nyeris Changorok,Q7889105,United Republican Party,,,2013-03-28,2017-08,female,Q111188331-3DAED58D-70F6-4F49-AA3C-013DA3574618
Q111188238,Reginalda Nakhumicha Wanyonyi,Q7007666,New Forum for the Restoration of Democracy–Kenya,,,2013-03-28,2017-08,female,Q111188238-20AC37BC-ED65-42DB-8C5D-170D8C4CB3EF
Q22279006,Richard Makenga,Q5251223,Wiper Democratic Movement,,,2013-03-28,2017-08,male,Q22279006-B7DDBF71-0FEE-47C5-AE38-B9E749C02D44
Q47493933,Richard Moitalei Ole Kenta,Q7193584,The National Alliance,,,2013-03-28,2017-08,male,Q47493933-01E45263-3C18-4BA0-9B91-62461146B201
Q7327862,Richard Momoima Onyonka,Q1640905,Orange Democratic Movement,,,2013-03-28,2017-08,male,Q7327862-77848D30-3BDF-4E5E-9CB9-3952E8746674
Q47494882,Richard Nyagaka Tongi,Q5251223,Wiper Democratic Movement,,,2013-03-28,2017-08,male,Q47494882-63A3E531-BD49-4ADC-8BB0-BAE4887F40AE
Q111188332,Roba Duba Bonaya,Q7887687,United Democratic Forum,,,2013-03-28,2017-08,male,Q111188332-A0200932-B95C-4E20-86E6-C8F0970E4900
Q19604826,Robert Mbui,Q5251223,Wiper Democratic Movement,,,2013-03-28,2017-08,male,Q19604826-00040319-2F16-4276-8E35-C46559F7EF16
Q18098773,Robert Pukose,Q7889105,United Republican Party,,,2013-03-28,2017-08,male,Q18098773-54DDA0EE-A50B-4D74-A352-1D7F74F99D2D
Q47494197,Ronald Kiprotich Tonui,Q7889105,United Republican Party,,,2013-03-28,2017-08,male,Q47494197-4761FFF9-DF1F-4112-83AD-0FD498ADE01E
Q47490054,Rose Museo Mumo,Q5251223,Wiper Democratic Movement,,,2013-03-28,2017-08,female,Q47490054-8BB6FF58-16F2-4BF1-AAF3-E7C89B069353
Q111188333,Rose Nyamunga,Q1640905,Orange Democratic Movement,,,2013-03-28,2017-08,female,Q111188333-93E3CFFC-BBC2-4AE1-9064-0C757E6D37A0
Q111188334,Rose Rwamba Mitaru,Q7193584,The National Alliance,,,2013-03-28,2017-08,female,Q111188334-3AEEA5D0-EE44-4137-98A8-6AD600539C10
Q47490064,Roselinda Soipan Tuya,Q7889105,United Republican Party,,,2013-03-28,2017-08,female,Q47490064-35D0F18D-D421-4E02-A631-25E0A6520DE6
Q16214164,Sabina Wanjiru Chege,Q7193584,The National Alliance,,,2013-03-28,2017-08,female,Q16214164-D1C6974C-3B1E-4245-AC7A-6D3164DC9F66
Q47494847,Sakwa John Bunyasi,Q7887687,United Democratic Forum,,,2013-03-28,2017-08,,Q47494847-468CDD9A-4654-46A0-89AB-6265B2EF8091
Q111188335,Salim Idd Mustafa,Q1640905,Orange Democratic Movement,,,2013-03-28,2017-08,male,Q111188335-F126A31D-8731-4FB2-8AE0-E903BEB283DA
Q111188336,Sammy Cheruiyot Koech,Q7889105,United Republican Party,,,2013-03-28,2017-08,male,Q111188336-54A805E5-2C85-47EA-9EF8-F59428EF7EF8
Q7409808,Sammy Mwaita,Q7889105,United Republican Party,,,2013-03-28,2017-08,male,Q7409808-1244D286-A471-4E4F-B89C-28FB6FDF8DA8
Q47493930,Samuel Arama,Q1640905,Orange Democratic Movement,,,2013-03-28,2017-08,male,Q47493930-917A4D51-7154-401A-8A1A-3EA86B1901B2
Q111188337,Samuel Gonzi Rai,Q7193584,The National Alliance,,,2013-03-28,2017-08,male,Q111188337-141E2F7C-9509-4A63-BE8C-6621CA8F5EAD
Q111188338,Samuel Kamunye Gichigi,Q15980825,Alliance Party of Kenya,,,2013-03-28,2017-08,male,Q111188338-B0A295E6-C444-4112-A565-626BEDE9B39E
Q111188339,Samuel Kiprono Chepkonga,Q7889105,United Republican Party,,,2013-03-28,2017-08,male,Q111188339-3C28BB11-A6EE-4E86-8345-996E035C49AD
Q111188340,Samuel Mathenge Ndiritu,Q7193584,The National Alliance,,,2013-03-28,2017-08,male,Q111188340-DF60D2B4-59B2-4BC4-966C-EA447EA3C816
Q18207112,Samuel Moroto,Q1422517,Kenya African National Union,,,2013-03-28,2017-08,male,Q18207112-6B4B271F-B722-4A78-B2C9-B4C07B4C19F5
Q47494639,Sarah Paulata Korere,Q7889105,United Republican Party,,,2013-03-28,2017-08,female,Q47494639-898646E3-858B-47FE-8A5A-8EF7F833C9DD
Q111188341,Shaaban Ali Isaack,Q7889105,United Republican Party,,,2013-03-28,2017-08,male,Q111188341-9C0D07B2-5612-44DF-A204-259A7A7F4043
Q111188342,Shadrack Roger Mwita Manga,Q1422517,Kenya African National Union,,,2013-03-28,2017-08,male,Q111188342-0B1E5DCB-E421-448D-849E-757D8F663515
Q111188343,Shakila Abdalla,Q5251223,Wiper Democratic Movement,,,2013-03-28,2017-08,female,Q111188343-6DDE1ED2-C6E8-4786-980E-FC7CF3490CC9
Q47494644,Sharif Athman Ali,Q7887687,United Democratic Forum,,,2013-03-28,2017-08,,Q47494644-EB24EE1C-08C0-49AD-8878-45CB225A5AC9
Q17198176,Shukran Hussein Gure,Q5251223,Wiper Democratic Movement,,,2013-03-28,2017-08,female,Q17198176-774F1314-2B01-452D-9F4A-68DFABFB8E44
Q47494792,Silas Kipkoech Tiren,Q7889105,United Republican Party,,,2013-03-28,2017-08,male,Q47494792-93A580BA-E75B-4353-91CC-BC1B2B5EE261
Q111188344,Silvance Osele Onyango,Q1640905,Orange Democratic Movement,,,2013-03-28,2017-08,male,Q111188344-244D0806-B839-430B-BDEE-F746CD407F95
Q111188239,Simon Ogari,Q327591,independent politician,,,2013-03-28,2017-08,male,Q111188239-0EBD1E65-C3E3-4E11-9184-DBE8CCA7E34E
Q16842239,Sonia Birdi,Q7889105,United Republican Party,,,2013-03-28,2017-08,female,Q16842239-9A5DB6BE-8A44-4BFA-8EBB-E94E11F74F2A
Q111188345,Stephen Kengere Manoti,Q5473122,Forum for the Restoration of Democracy – People,,,2013-03-28,2017-08,male,Q111188345-6A6BC891-C678-4861-8E3C-219A6425BEB7
Q111188346,Stephen Kinyanjui Mburu Kk,Q7193584,The National Alliance,,,2013-03-28,2017-08,male,Q111188346-00D66818-6648-436A-B975-4BA48DED7109
Q111188347,Stephen Kirwa Bitok,Q7889105,United Republican Party,,,2013-03-28,2017-08,male,Q111188347-A14A37CA-EF3F-4FD9-AD0C-23F0A5C72C35
Q111188247,Stephen Muriuki Ngare,Q7193584,The National Alliance,,,2013-03-28,2017-08,male,Q111188247-301E6D05-1FA9-4011-838B-E2DD4B4583BD
Q47494770,Stephen Mutinda Mule,Q5251223,Wiper Democratic Movement,,,2013-03-28,2017-08,male,Q47494770-BEE64492-54EA-4F0D-A832-BDC2C7FF6BAD
Q111188348,Stephen Wachira Karani,Q7193584,The National Alliance,,,2013-03-28,2017-08,male,Q111188348-E57C8E8B-AD8F-41CB-8D52-EDD1BD1CE994
Q111188349,Steven Kariuki,Q1640905,Orange Democratic Movement,,,2013-03-28,2017-08,male,Q111188349-49A1C5CC-8973-457C-A59F-C1651CB3D4BB
Q47493967,Suleiman Dori,Q1640905,Orange Democratic Movement,,,2013-03-28,2017-08,male,Q47493967-5FC876FA-3DA7-4AFC-A554-743BAAB27D18
Q111188350,Suleiman Murunga Kasuti,Q5473121,Forum for the Restoration of Democracy – Kenya,,,2013-03-28,2017-08,male,Q111188350-61E675AB-14D5-4B76-9805-F1DAEFDFC49F
Q111188351,Susan Kipketer Chebet,Q7889105,United Republican Party,,,2013-03-28,2017-08,female,Q111188351-B7DFB4C6-1414-488D-8E72-C6A27AE98446
Q111188240,Susan Mbinya Musyoka,Q5251223,Wiper Democratic Movement,,,2013-03-28,2017-08,female,Q111188240-F8FCC803-A22B-4657-B05B-256A980F0597
Q7791963,Thomas Ludindi Mwadeghu,Q1640905,Orange Democratic Movement,,,2013-03-28,2017-08,male,Q7791963-E42EF509-C5D3-4D4A-A5A1-77AE860078A1
Q111188352,Timothy Moseti Bosire,Q1640905,Orange Democratic Movement,,,2013-03-28,2017-08,male,Q111188352-7D05C301-8822-4AE6-B6D7-A5BB4B29E3B1
Q23887512,Timothy Wanyonyi Wetangula,Q1640905,Orange Democratic Movement,,,2013-03-28,2017-08,male,Q23887512-CB494B81-0E60-4C02-BA61-89B1E49FB0E0
Q111188353,Tirus Nyingi Ngahu,Q7193584,The National Alliance,,,2013-03-28,2017-08,male,Q111188353-941B30F4-F37E-453B-8C09-D3C5AB20BD9C
Q111188354,Tiyah Galgalo Ali,Q7193584,The National Alliance,,,2013-03-28,2017-08,female,Q111188354-AFB9F51A-B1AE-4C72-81C4-4281DB66B0FA
Q7926175,Victor Munyaka,Q5069325,Chama Cha Uzalendo,,,2013-03-28,2017-08,male,Q7926175-1F6A9C53-033C-4050-A6B4-258C1DFE2E79
Q47494824,Vincent Musyoka Musau,Q5069325,Chama Cha Uzalendo,,,2013-03-28,2017-08,male,Q47494824-02ACB99D-5127-4E65-B4BF-9C04E8A3424B
Q105642336,Wanjiku Muhia,Q7193584,The National Alliance,,,2013-03-28,2017-08,female,Q105642336-513F047D-70DB-4BF0-95A0-D9FDF9937975
Q7972008,Washington Jakoyo Midiwo,Q1640905,Orange Democratic Movement,,,2013-03-28,2017-08,male,Q7972008-6D98C620-7D66-47E5-893A-CEFB710ACBC1
Q447119,Wesley Korir,,,Q5091828,Cherangany Constituency,2013,2017-07-16,male,Q447119-C648640F-352F-4045-B736-36B3E8948CFE
Q8000077,Wilber Otichilo,Q1640905,Orange Democratic Movement,,,2013-03-28,2017-08,male,Q8000077-6FA1E5A0-12DA-4551-9B71-E493F9CF8444
Q47494929,William Kamoti Mwamkale,Q1640905,Orange Democratic Movement,,,2013-03-28,2017-08,male,Q47494929-68F12E3C-5C74-4AD0-9409-DDCF5D1D1947
Q47494748,William Kipkemoi Kisang,Q7889105,United Republican Party,,,2013-03-28,2017-08,male,Q47494748-8D94926F-2168-4CDC-8118-DDFFD9C8DC9A
Q8014046,William Kipkorir,Q7889105,United Republican Party,,,2013-03-28,2017-08,male,Q8014046-088CF4D6-BE63-43AB-A12C-2422A3AF5327
Q111188194,William Maina Kamanda,Q7193584,The National Alliance,,,2013-03-28,2017-08,male,Q111188194-6ED7A0D2-0D1C-44B3-850F-14BDD134B0B1
Q111188267,Willy Mtengo,Q1640905,Orange Democratic Movement,,,2013-03-28,2017-08,male,Q111188267-86314DF5-AA99-4725-8312-4CA2DC00BA7A
Q111188355,Winnie Karimi Njuguna,Q7193584,The National Alliance,,,2013-03-28,2017-08,female,Q111188355-AAA6691C-DEDC-467A-884C-86AFC45B3F93
Q8061937,Yusuf Chanzu,Q7887687,United Democratic Forum,,,2013-03-28,2017-08,male,Q8061937-A216A18B-5BD9-4B3B-B70C-67295AADA97F
Q4664957,Yusuf Hassan Abdi,Q7193584,The National Alliance,,,2013-03-28,2017-08,male,Q4664957-C2819937-1518-436B-BB92-7305CD3BC5A0
Q111188356,Zainab Kalekye Chidzuga,Q1640905,Orange Democratic Movement,,,2013-03-28,2017-08,female,Q111188356-50A900AB-E2DE-43F3-ADDC-65233B7F42F6
Q8065041,Zakayo Cheruiyot,Q7889105,United Republican Party,,,2013-03-28,2017-08,male,Q8065041-4823B4B5-0748-4A00-BEAF-5E8868842877
Q8068252,Zebedeo John Opore,Q5473122,Forum for the Restoration of Democracy – People,,,2013-03-28,2017-08,male,Q8068252-3D854C48-65F2-42FC-A9CD-4228951DA5C4
Q111188192,Zipporah Jesang Kurgat Kering,Q7889105,United Republican Party,,,2013-03-28,2017-08,female,Q111188192-809B461B-E6B0-48AA-8396-9EAC273DD961
Q47490050,Zuleikha Ju Ma Hassan,Q1640905,Orange Democratic Movement,,,2013-03-28,2017-08,female,Q47490050-0BBF3C3C-BBEC-4F71-AF9B-B559A6F22F3B
