@@,item,itemlabel,party,partylabel,constituency,constituencylabel,psid
->,Q47494330->NULL,Abdi Koropu Tepo,Q47492848,NULL->KENYA PATRIOTS PARTY,Q6081154,Isiolo South Constituency->Isiolo South,Q47494330-3CC3FF12-32DE-4334-A6CE-BA810F9FD5A6->NULL
->,Q47494628->NULL,Abdi Mude Ibrahim,Q42954840,NULL->Economic Freedom Party,Q17088687,Lafey Constituency->Lafey,Q47494628-78F2B432-451C-466B-A74D-5021CC03887F->NULL
->,Q47493997->NULL,Abdi Omar Shurie,Q27963537,NULL->Jubilee Party,Q47463409->Q55604755,Balambala Constituency->Balambala,Q47493997-04001A2A-BB5F-437F-B8DA-20C6D26EBDDC->NULL
->,Q47494273->NULL,Abdikhaim Osman Mohamed,Q1422517,NULL->Kenya African National Union,Q5429344,Fafi Constituency->Fafi,Q47494273-1722C511-02DE-4C20-AA78-26101DCEAEBA->NULL
->,Q16864850->NULL,Abdul Rahim Dawood,Q27963537,NULL->Jubilee Party,Q7055691,North Imenti Constituency->North Imenti,Q16864850-643405F2-B2A2-4FE2-9375-9A49AE4F6F4F->NULL
->,Q47494822->NULL,Abdullswamad Sheriff Nassir,Q1640905,NULL->Orange Democratic Movement,Q6944580,Mvita Constituency->Mvita,Q47494822-173AA95C-9D0D-43EE-9076-9A4BE1E4215D->NULL
->,Q47494727->NULL,Adan Haji Ali,Q27963537,NULL->Jubilee Party,Q47462269,Mandera South Constituency->Mandera South,Q47494727-E2297687-947C-4530-99B7-465EC7240999->NULL
->,Q47494732->NULL,Adan Haji Yussuf,Q42954840,NULL->Economic Freedom Party,Q6747986,Mandera West Constituency->Mandera West,Q47494732-05B940F3-86C6-4AB0-986B-F588E75032D7->NULL
->,Q4680594,Adan Keynan Wehliye,Q27963537,NULL->Jubilee Party,Q47463412,Eldas Constituency->Eldas,Q4680594-45C25B04-CFC3-44F9-95C7-3FDDCE666026->NULL
+++,Q4682154,Aden Duale,Q27963537,Jubilee Party,Q17085899,Garissa Township,
->,Q47495185->NULL,Ahmed Abdisalan Ibrahim,Q1640905,NULL->Orange Democratic Movement,Q7960717,Wajir North Constituency->Wajir North,Q47495185-B2F8D648-2162-45AC-8045-AAFB880B11B4->NULL
->,Q47495114->NULL,Ahmed Bashane Gaal,Q7141057,NULL->PARTY FOR DEVELOPMENT AND REFORM,Q47463411,Tarbaj Constituency->Tarbaj,Q47495114-3B19149F-67D2-4691-A2CF-C0087F333BE7->NULL
---,Q47495188,Ahmed Kolosh Mohamed,Q1640905,,Q7960720,Wajir West Constituency,Q47495188-6E239100-8776-44AC-A936-5AE00D855DEA
+++,,Ahmed Kolosh Mohamed,Q1640905,Orange Democratic Movement,Q7960720,Wajir West,
+++,,Ahmed Kolosh Mohamed,Q27963537,Jubilee Party,Q7960720,Wajir West,
->,Q4696013,Ahmed Shakeel Shabbir Ahmed->Shakeel Shabbir,Q327591,சுயே->Independent,Q6417349,Kisumu Town East Constituency->Kisumu East,Q4696013-262BAC49-8AEB-4C21-A35D-00FE9A1D5C76->NULL
->,Q47494720,Aisha Jumwa Karisa Katana,Q1640905,NULL->Orange Democratic Movement,Q6743727,Malindi Constituency->Malindi,Q47494720-1A2F0F43-4E7E-4450-825F-C67E5B4BC39F->NULL
->,Q47494265->NULL,Alexander Kimutai Kigen Kosgey,Q27963537,NULL->Jubilee Party,Q17085425,Emgwen Constituency->Emgwen,Q47494265-EB1ECA20-BB2C-4E49-A2A9-0AE7CDE7891D->NULL
->,Q47493940->NULL,Alfred Agoi Masadia,Q47489380,NULL->Amani National Congress,Q7395935,Sabatia Constituency->Sabatia,Q47493940-42DA4298-1B77-40B5-A43C-5D0AFCF0488D->NULL
->,Q47494850->NULL,Alfred Kiptoo Keter,Q27963537,NULL->Jubilee Party,Q47463441,Nandi Hills Constituency->Nandi Hills,Q47494850-956674CD-F688-46D9-884A-A37AD099C7C4->NULL
->,Q4723395->NULL,Alfred Sambu->Bernard Alfred Wekesa Sambu,Q47489380,NULL->Amani National Congress,Q47463465,Webuye East Constituency->Webuye East,Q4723395-7C9CFCE9-10F8-402A-A454-AA7DF10E1A54->NULL
->,Q47494478->NULL,Ali Menza Mbogo,Q5251223,NULL->Wiper Democratic Movement - Kenya,Q13123145,Kisauni Constituency->Kisauni,Q47494478-49C1110A-2590-478C-9A5F-69253CD53C16->NULL
->,Q15733971->NULL,Ali Rasso Dido->Dido Ali RASO,Q27963537,NULL->Jubilee Party,Q7403129,Saku Constituency->Saku,Q15733971-34173274-3566-41FE-9EA9-38596A826C3F->NULL
->,Q47493953->NULL,Ali Wario,Q27963537,NULL->Jubilee Party,Q4998065,Bura Constituency->Bura,Q47493953-BA35757B-0D2E-4C8B-B369-E3148D1CDC27->NULL
->,Q47494295->NULL,Ali Wario Guyo,Q5251223,NULL->Wiper Democratic Movement - Kenya,Q5524277,Garsen Constituency->Garsen,Q47494295-AE7F056D-341E-4535-A03C-B78A7A6D32B6->NULL
+++,,Alice Muthoni Wahome,Q27963537,Jubilee Party,Q6361325,Kandara,
->,Q47494993->NULL,Alois Musa Lentoimaga,Q27963537,NULL->Jubilee Party,Q47463432,Samburu North Constituency->Samburu North,Q47494993-353CBCFE-BC0F-4C92-B6F2-725E31FD37B2->NULL
->,Q47494637->NULL,Amin Deddy Mohamed Ali,Q27963537,NULL->Jubilee Party,Q6473833,Laikipia East Constituency->Laikipia East,Q47494637-6DA5316C-6853-4B0F-95AA-12AA0824F0E4->NULL
->,Q47490056->NULL,Amina Gedow Hassan,Q42954840,NULL->Economic Freedom Party,Q1477874,Mandera County->Mandera,Q47490056-F6C862AB-0D3E-4C96-8FD4-CEB31429329E->NULL
->,Q47493932->Q2843930,Amos Muhinga Kimunyah->Amos Kimunya,Q27963537,NULL->Jubilee Party,Q13122881,Kipipiri Constituency->Kipipiri,Q47493932-1397829D-471F-44D2-91FB-C1E24E10C428->NULL
->,Q47490037->NULL,Anab Mohamed Gure,Q27963537,NULL->Jubilee Party,Q1494292,Garissa County->Garissa,Q47490037-B4158279-698B-4A7D-B350-6CDCBD84533C->NULL
->,Q47494383->NULL,Andrew Adipo Okuome,Q1640905,NULL->Orange Democratic Movement,Q6367802,Karachuonyo Constituency->Karachuonyo,Q47494383-54BCA820-3B75-48AA-A659-C2A9E24D3F2A->NULL
->,Q47494827->NULL,Andrew Mwadime->Andrew MWADIMA,Q1640905,NULL->Orange Democratic Movement,Q6944699,Mwatate Constituency->Mwatate,Q47494827-A715C1B4-8A21-4993-AAE4-C65D02D87A5A->NULL
->,Q47494304->NULL,Annie Wanjiku Kibeh,Q27963537,NULL->Jubilee Party,Q5527547,Gatundu North Constituency->Gatundu North,Q47494304-6B0BAFBD-ED09-456B-9747-F0C6E4810F72->NULL
->,Q47494813->NULL,Anthony Githiaka Kiai,Q27963537,NULL->Jubilee Party,Q6933680,Mukurweini Constituency->Mukurweini,Q47494813-0EF929E3-938A-4D3F-8BC6-D2405CE37A40->NULL
->,Q47494431->NULL,Anthony Kimani Ichung`wah->Anthony Kimani Ichung'wah,Q27963537,NULL->Jubilee Party,Q6406448,Kikuyu Constituency->Kikuyu,Q47494431-54705FFD-691C-413C-A8D6-34A4F6A7AD52->NULL
->,Q47494761->NULL,Anthony Tom Oluoch,Q1640905,NULL->Orange Democratic Movement,Q47462553->Q55622420,Mathare Constituency->Mathare,Q47494761-F046FE83-DC01-4339-8954-F9C80F681540->NULL
+++,,Asha Hussein Mohamed,Q1640905,Orange Democratic Movement,Q1112885,Mombasa,
->,Q47493900->NULL,Athanas Misiko Wafula Wamunyinyi,Q5473121,NULL->Forum for Restoration of Democracy - Kenya,Q6361679,Kanduyi Constituency->Kanduyi,Q47493900-B962BFEB-DBF7-4ABD-8D9C-04DD5B373C9E->NULL
->,Q47494687->NULL,Ayub Savula Angatia,Q47489380,NULL->Amani National Congress,Q6699735,Lugari Constituency->Lugari,Q47494687-924B26A0-0361-4FCB-B2DD-5B4D1A96C518->NULL
->,Q47493964->NULL,Bady Twalib Bady,Q1640905,NULL->Orange Democratic Movement,Q47463376,Jomvu Constituency->Jomvu,Q47493964-F97D674D-19B5-48EF-991F-DA8F6D070B6A->NULL
->,Q47494725->NULL,Bashir Sheikh Abdullah->Bashir S. ABDULLAH,Q27963537,NULL->Jubilee Party,Q47463414,Mandera North Constituency->Mandera North,Q47494725-3A099178-8527-41AA-A24E-94FC7E6A6B26->NULL
->,Q47490079,Beatrice Kahai Adagala->Beatrice Adagala,Q47489380,NULL->Amani National Congress,Q1313202,Vihiga County->Vihiga,Q47490079-DE37E736-F939-4694-9B2A-840FE3D399F4->NULL
->,Q47490074->NULL,Beatrice Nkatha Nyaga,Q27963537,NULL->Jubilee Party,Q2189432,Tharaka Nithi County->Tharaka–Nithi,Q47490074-F01E0B00-3340-43C7-AD11-26C8E6A73020->NULL
->,Q47494199->NULL,Beatrice Pauline Cherono Kones,Q27963537,NULL->Jubilee Party,Q47463456,Bomet East Constituency->Bomet East,Q47494199-37035FFE-76DC-43A0-B3D5-D289A488C04E->NULL
->,Q47493961->NULL,Ben George Orori Momanyi,Q5251223,NULL->Wiper Democratic Movement - Kenya,Q47463490,Borabu Constituency->Borabu,Q47493961-0D9973D3-5C74-4A64-BFC6-5A865CEC16EC->NULL
->,Q47495017->NULL,Benard Kipsengeret Koros->Kipsengeret Koros,Q327591,சுயே->Independent,Q39087469,Sigowet–Soin Constituency->Sigowet Soin,Q47495017-1673AA6C-9C20-4A22-A391-1FB0975ECEE2->NULL
->,Q47494323->NULL,Benard Masaka Shinali,Q27963537,NULL->Jubilee Party,Q5996095,Ikolomani Constituency->Ikolomani,Q47494323-560925E2-30A0-401B-97CB-1C0DAA2CEA52->NULL
->,Q47494464->NULL,Benjamin Dalu Stephen Tayari,Q1640905,NULL->Orange Democratic Movement,Q6410376,Kinango Constituency->Kinango,Q47494464-A29E66E2-EFFC-4259-B0FA-AE9BC8959254->NULL
->,Q47494250->NULL,Benjamin Gathiru Mwangi,Q27963537,NULL->Jubilee Party,Q47463496,Embakasi Central Constituency->Embakasi Central,Q47494250-9F150E99-1FE5-4565-B2FD-4F5ADDFA5D45->NULL
+++,,Benjamin Jomo Washiali,Q27963537,Jubilee Party,Q47463462,Mumias East,
->,Q47494484->NULL,Benson Makali Mulu,Q5251223,NULL->Wiper Democratic Movement - Kenya,Q10981053,Kitui Central Constituency->Kitui Central,Q47494484-D239C384-6D5B-45F3-8BE4-F928DA6E6291->NULL
->,Q47494971->NULL,Caleb Amisi Luyai,Q1640905,NULL->Orange Democratic Movement,Q7396314,Saboti Constituency->Saboti,Q47494971-BD42464A-2431-4C6E-9B31-565EF5F2EFC5->NULL
->,Q47495070->NULL,Caleb Kipkemei Kositany,Q27963537,NULL->Jubilee Party,Q47463435,Soy Constituency->Soy,Q47495070-EA805989-9CD8-4BD6-8552-8ABB26601540->NULL
->,Q47490030->NULL,Catherine Nanjala Wambilianga,Q5473121,NULL->FORD - Kenya,Q2928204,Bungoma County->Bungoma,Q47490030-B8E56A9D-0ABB-4375-854F-71451222C60E->NULL
->,Q47490051->NULL,Catherine Wanjiku Waruguru,Q27963537,NULL->Jubilee Party,Q1800699,Laikipia County->Laikipia,Q47490051-B60A7B53-316C-4167-976D-AE9C20C076B7->NULL
+++,Q5056517,Cecily Mutitu Mbarire,Q27963537,Jubilee Party,,,
->,Q47494866->NULL,Charity Kathambi Chepkwony,Q27963537,NULL->Jubilee Party,Q47463446,Njoro Constituency->Njoro,Q47494866-8CCB0245-C016-4A01-9C64-47E9D400DE0A->NULL
->,Q47493925->NULL,Charles Gumini Gimose,Q5473121,NULL->Forum for Restoration of Democracy - Kenya,Q5645412,Hamisi Constituency->Hamisi,Q47493925-8EE38BE1-1FE8-4739-8A00-BCEE4BEA8F90->NULL
+++,,Charles Kamuren,Q27963537,Jubilee Party,Q47463444,Baringo South,
->,Q47494778->NULL,Charles Muriuki Njagagua,Q27963537,NULL->Jubilee Party,Q14475849,Mbeere North Constituency->Mbeere North,Q47494778-1DBA8902-D667-426D-8768-B8D6E04DAB48->NULL
->,Q47495197->Q5079790,Charles Mutavi Kilonzo->Charles Kilonzo,Q327591,சுயே->Independent,Q8050290,Yatta Constituency->Yatta,Q47495197-CB5639C4-FD62-4239-BA4D-D03F19E1610E->NULL
->,Q47494840->NULL,Charles Ngusya Nguna,Q5251223,NULL->Wiper Democratic Movement - Kenya,Q47463419,Mwingi West Constituency->Mwingi West,Q47494840-09076CDF-AA6B-4D4B-9DA4-4D87F4755A74->NULL
->,Q6122859->NULL,Charles Njagua Kanyi->CHARLES KANYI NJAGUA,Q27963537,NULL->Jubilee Party,Q7601801,Starehe Constituency->Starehe,Q6122859-be484b4d-4850-4e52-36a0-371c59009b23->NULL
->,Q47494389->NULL,Charles Ong'ondo Were->Charles Ong’ondo Were,Q1640905,NULL->Orange Democratic Movement,Q47463474,Kasipul Constituency->Kasipul,Q47494389-EAD3A0C6-853D-41A0-80BB-5623A07A123A->NULL
->,Q47490061->Q100146446,Chelule Chepkorir Liza->Chelule Liza,Q27963537,NULL->Jubilee Party,Q1852202,Nakuru County->Nakuru,Q47490061-E65B74C8-33D4-4131-886E-C92A75D7572A->NULL
+++,,Chris Karan,Q1640905,Orange Democratic Movement,Q7877730,Ugenya,
->,Q47494460->NULL,Chrisantus Wamalwa Wakhungu,Q5473121,NULL->Forum for Restoration of Democracy - Kenya,Q47463434->Q55616016,Kiminini Constituency->Kiminini,Q47494460-BBD4B719-8054-4E6D-AE76-9F89A5FBBB86->NULL
->,Q47494400->NULL,Christopher Aseka Wangaya,Q47489380,NULL->Amani National Congress,Q6403457,Khwisero Constituency->Khwisero,Q47494400-FAEBA03D-6522-4CD8-ACF1-0E09122A1AFB->NULL
->,Q47495156->NULL,Christopher Doye Nakuleu,Q27963537,NULL->Jubilee Party,Q7855019,Turkana North Constituency->Turkana North,Q47495156-249DC25A-256A-4D04-8995-4B8A6F0192D8->NULL
---,Q47495165,Christopher Odhiambo Karani,Q1640905,,Q7877730,Ugenya Constituency,Q47495165-F5060D3B-D219-4B49-9C51-702403EE9EBE
->,Q47493956->NULL,Christopher Omulele,Q1640905,NULL->Orange Democratic Movement,Q47463463->Q55621397,Luanda Constituency->Luanda,Q47493956-D2E227D9-2499-49BC-BB74-FF594428095C->NULL
->,Q47494365->NULL,Clement Muturi Kigano,Q27963537,NULL->Jubilee Party,Q6362689,Kangema Constituency->Kangema,Q47494365-8844CBFD-78DA-43FA-8E5A-C95BCD7C87B4->NULL
->,Q47493985,Cornelly Serem,Q27963537,NULL->Jubilee Party,Q4713420,Aldai Constituency->Aldai,Q47493985-536937D1-1F00-48EF-8734-FC87A58AB6E3->NULL
->,Q47494314->NULL,Cyprian Kubai Iringo,Q27963537,NULL->Jubilee Party,Q47463415,Igembe Central Constituency->Igembe Central,Q47494314-42EA75F9-49F3-4366-AA6F-01A048A79023->NULL
->,Q47495163->NULL,Daniel Epuyo Nanok,Q27963537,NULL->Jubilee Party,Q47463428,Turkana West Constituency->Turkana West,Q47495163-1B40D832-1A40-464F-952A-335E74F20429->NULL
->,Q47494789->NULL,Daniel Kamuren Tuitoek,Q27963537,NULL->Jubilee Party,Q6890697,Mogotio Constituency->Mogotio,Q47494789-B6ED4970-A103-4E21-AD64-256886F0EFAC->NULL
->,Q47494399->NULL,Daniel Kipkogei Rono,Q27963537,NULL->Jubilee Party,Q17088491,Keiyo South Constituency->Keiyo South,Q47494399-62CB32F1-3ACE-4253-B71F-2BDE95098783->NULL
->,Q47494709->NULL,Daniel Kitonga Maanzo,Q5251223,NULL->Wiper Democratic Movement - Kenya,Q6740441,Makueni Constituency->Makueni,Q47494709-CDD0E1DD-DDDB-446F-9DFB-800A5C26D0CF->NULL
->,Q47495190->NULL,Daniel Wanyama Sitati,Q27963537,NULL->Jubilee Party,Q47463466->Q55637503,Webuye West Constituency->Webuye West,Q47495190-ADDA285B-3EF3-4ED2-9FC9-F821AC29DB7C->NULL
->,Q47495195->NULL,Danson Mwashako Mwakuwona,Q5251223,NULL->Wiper Democratic Movement - Kenya,Q8039242,Wundanyi Constituency->Wundanyi,Q47495195-2E7855A2-E6A9-40BD-85CB-3543C0435264->NULL
->,Q5233422->NULL,David Eseli Simiyu,Q5473121,NULL->Forum for Restoration of Democracy - Kenya,Q47463467,Tongaren Constituency->Tongaren,Q5233422-475B3EED-D151-4CAC-BFE8-5735771E2FFB->NULL
+++,,David Gikaria,Q27963537,Jubilee Party,Q55624571,Nakuru Town East,
->,Q47494744->NULL,David Kangogo Bowen,Q27963537,NULL->Jubilee Party,Q6754698,Marakwet East Constituency->Marakwet East,Q47494744-BB509FCF-C652-46C1-81F0-38810D9DCD49->NULL
->,Q47494925->NULL,David Losiakou Pkosing,Q27963537,NULL->Jubilee Party,Q47462472,Pokot South Constituency->Pokot South,Q47494925-3DD0EAB9-163D-45CA-8DF3-9B969F253978->NULL
->,Q47494493->NULL,David Mwalika Mboni,Q5069325,NULL->CHAMA CHA UZALENDO,Q47462466,Kitui Rural Constituency->Kitui Rural,Q47494493-E7002968-A284-425A-BB65-56EF8E7C9496->NULL
->,Q47493935->NULL,David Njuguna Kiaraho,Q27963537,NULL->Jubilee Party,Q7082829,Ol Kalou Constituency->Ol Kalou,Q47493935-0E0B68F4-7C04-46E0-8E1C-599AC96634DD->NULL
+++,,David Ole Sankok,Q27963537,Jubilee Party,,,
+++,,David Ouma Ochieng,Q111179653,Movement for Democracy and Growth,Q7877730,Ugenya,
+++,Q98118573,Dennitah Ghati,Q1640905,Orange Democratic Movement,,,
->,Q47494446->NULL,Didmus Wekesa Barasa Mutua,Q27963537,NULL->Jubilee Party,Q6410137,Kimilili Constituency->Kimilili,Q47494446-11A54472-01D0-47D3-9A42-4366FA71606B->NULL
->,Q47495034->NULL,Dominic Kipkoech Koskei,Q27963537,NULL->Jubilee Party,Q7563993,Sotik Constituency->Sotik,Q47495034-661C167C-EDBA-4A91-805C-22B71EF3AE10->NULL
->,Q47495116->NULL,Edward Oku Kaunya,Q47489380,NULL->Amani National Congress,Q47463468,Teso North Constituency->Teso North,Q47495116-A0171849-1A4E-4D15-A11C-4E72783CF411->NULL
->,Q47495159->NULL,Ekomwa Lomenen James->EKOMWA LOMENEN JAMES,Q27963537,NULL->Jubilee Party,Q7855020,Turkana South Constituency->Turkana South,Q47495159-D9FE95D6-173C-4B37-B32E-FE8DFE7591B7->NULL
->,Q47494347->NULL,Elijah Memusi Kanchory,Q1640905,NULL->Orange Democratic Movement,Q6348981,Kajiado Central Constituency->Kajiado Central,Q47494347-7509B322-216C-413E-8A89-473F817535A9->NULL
->,Q47494306->NULL,Elisha Ochieng Odhiambo,Q1640905,NULL->Orange Democratic Movement,Q5530554,Gem Constituency->Gem,Q47494306-575812EB-2C92-428C-9C91-1F703AB9368C->NULL
->,Q47490042->NULL,Elsie Busihile Muhanda,Q1640905,NULL->Orange Democratic Movement,Q1721867,Kakamega County->Kakamega,Q47490042-906BA383-9F64-4871-B807-6AB7549DC102->NULL
->,Q47494859->Q104856808,Emmanuel Wangwe,Q27963537,NULL->Jubilee Party,Q47463460,Navakholo Constituency->Navakholo,Q47494859-F2C636C7-33E4-49B0-B181-265E27A11766->NULL
->,Q47494669->NULL,Enoch Wamalwa Kibunguchy,Q5473121,NULL->Forum for Restoration of Democracy - Kenya,Q47463458,Likuyani Constituency->Likuyani,Q47494669-81C84187-EFCA-462C-BD3D-82C0BBCFB99C->NULL
->,Q47494784->NULL,Erastus Kivasu Nzioka,Q47490108,NULL->New Democrats,Q6799757,Mbooni Constituency->Mbooni,Q47494784-6040F990-5DF1-4373-A228-C0FAA1F86BCA->NULL
->,Q47494968->NULL,Eric Muchangi Njiru,Q27963537,NULL->Jubilee Party,Q7380154,Runyenjes Constituency->Runyenjes,Q47494968-2676A7E6-3005-4738-842E-89486412E41C->NULL
->,Q47495177->NULL,Ernest Ogesi Kivai,Q47489380,NULL->Amani National Congress,Q7929042,Vihiga Constituency->Vihiga,Q47495177-B28301C2-B43E-4E79-A490-B2C0D9568A1D->NULL
->,Q24006889->NULL,Esther Passaris->Esther Muthoni Rosanna Passaris,Q1640905,NULL->Orange Democratic Movement,Q3335223,Nairobi County->Nairobi City,Q24006889-19D0E829-D175-4793-99BF-B45EE90E05F5->NULL
->,Q47494338->NULL,Eve Akinyi Obara,Q1640905,NULL->Orange Democratic Movement,Q6374553->Q55615556,Kasipul Kabondo Constituency->Kabondo Kasipul,Q47494338-DC1E3156-8C05-4019-9B26-34A8DF320F2B->NULL
->,Q47494886->NULL,Ezekiel Machogu Ombaki,Q47492879,NULL->National Agenda Party of Kenya,Q7070904,Nyaribari Masaba Constituency->Nyaribari Masaba,Q47494886-D0086515-03F1-460B-92DD-A08A6FDE3B71->NULL
->,Q47494373->NULL,Fabian Kyule Muli,Q22666185,NULL->Muungano Party,Q13123144,Kangundo Constituency->Kangundo,Q47494373-3C059DC5-7CF3-4114-93C8-7883929D3B69->NULL
->,Q47490066->NULL,Faith Wairimu Gitau,Q27963537,NULL->Jubilee Party,Q1714352,Nyandarua County->Nyandarua,Q47490066-6AB246E1-BCDE-4AA5-9DF7-485417854AFA->NULL
->,Q17411041->NULL,Fatuma Ibrahim Ali->Fatuma Gedi Ali,Q7141057,NULL->Party of Development and Reforms,Q1852209,Wajir County->Wajir,Q17411041-1CAF0C96-5B13-4666-B492-C52CBCC04654->NULL
->,Q47494623->NULL,Ferdinard Kevin Wanyonyi,Q5473121,NULL->Forum for Restoration of Democracy - Kenya,Q6450207,Kwanza Constituency->Kwanza,Q47494623-14A97E37-F5F3-4C6B-AE7C-3511CB47E168->NULL
->,Q47490043->NULL,Florence Chepngetich Koskey->Florence C.K. Bore,Q27963537,NULL->Jubilee Party,Q1739252,Kericho County->Kericho,Q47490043-E8E9744F-F235-42E8-9F87-5B0E5039C029->NULL
+++,,Florence Mwikali Mutua,Q1640905,Orange Democratic Movement,Q1017519,Busia,
+++,Q5480460,Francis Chachu Ganya,Q47492871,Frontier Alliance Party,Q7055666,North Horr,
->,Q47494794->NULL,Francis Kuria Kimani,Q27963537,NULL->Jubilee Party,Q6896735,Molo Constituency->Molo,Q47494794-2605A378-6E47-4D38-B307-19F1D65FEA7D->NULL
->,Q47494331->NULL,Francis Munyua Waititu,Q27963537,NULL->Jubilee Party,Q6305268,Juja Constituency->Juja,Q47494331-49B80125-79F0-4639-A2B4-C00686ADB251->NULL
->,Q46190459->NULL,Francis Nyenze->Edith Vethi Nyenze,Q5251223,NULL->Wiper Democratic Movement - Kenya,Q6418638,Kitui West Constituency->Kitui West,Q46190459-C83DE5EB-221D-46AA-A4BE-9C679A90C1C4->NULL
->,Q47494804->NULL,Fred Kapondi Chesebe,Q27963537,NULL->Jubilee Party,Q6930268,Mt. Elgon Constituency->Mt. Elgon,Q47494804-FE768668-5727-4925-AB3C-571C458CAF66->NULL
->,Q47494480->NULL,Fred Odhiambo Ouda,Q1640905,NULL->Orange Democratic Movement,Q47463472,Kisumu Central Constituency->Kisumu Central,Q47494480-ED783E8C-B074-4E20-B219-6BC339EA5DCC->NULL
->,Q47494311->NULL,Gabriel Kago Mukuha,Q27963537,NULL->Jubilee Party,Q5565112,Githunguri Constituency->Githunguri,Q47494311-6FD5649A-2D81-4318-A584-3F6EADDAE87A->NULL
->,Q47494858->NULL,Gabriel Koshal Tongoyo,Q47492863->Q60776120,NULL->Chama Cha Mashinani,Q47463453,Narok West Constituency->Narok West,Q47494858-308DB35C-E0F8-44C1-B6E8-32F780D91946->NULL
->,Q47490045->Q96741824,Gathoni Wamuchomba->Gathoni Wa Muchomba,Q27963537,NULL->Jubilee Party,Q2575594,Kiambu County->Kiambu,Q47490045-691FE360-02C8-4502-B32B-E319CF26BA38->NULL
->,Q47494651->NULL,Generali Nixon Kiprotich Korir,Q27963537,NULL->Jubilee Party,Q6485732,Langata Constituency->Langata,Q47494651-F5985EA1-0CEA-4CE9-8047-7F9A03769656->NULL
->,Q47494781->NULL,Geoffrey Kingagi Muturi,Q27963537,NULL->Jubilee Party,Q5516225,Mbeere South Constituency->Mbeere South,Q47494781-137D25BF-2059-40CE-9028-60CC96C598AD->NULL
->,Q47494758->NULL,Geoffrey Makokha Odanga,Q1640905,NULL->Orange Democratic Movement,Q24236285,Matayos Constituency->Matayos,Q47494758-956A53FB-96A7-43CA-B682-55537CB373FF->NULL
->,Q47495117->NULL,Geoffrey Omuse,Q1640905,NULL->Orange Democratic Movement,Q47463470,Teso South Constituency->Teso South,Q47495117-D7D4286B-87C0-47AC-AC4E-46E4D430CAFF->NULL
->,Q47494704->NULL,George Aladwa Omwera,Q1640905,NULL->Orange Democratic Movement,Q6738586,Makadara Constituency->Makadara,Q47494704-98407E7A-4262-4B3C-956E-08BFF2C9A2EA->NULL
->,Q47495127->NULL,George Gitonga Murugara,Q3272441,NULL->DEMOCRATIC PARTY OF KENYA,Q7710732,Tharaka Constituency->Tharaka,Q47495127-854991CC-B93E-4B5F-8036-C99D5FA65116->NULL
->,Q47494863->NULL,George Macharia Kariuki Gk,Q27963537,NULL->Jubilee Party,Q6983741,Ndia Constituency->Ndia,Q47494863-23595A71-23F8-4EA8-8474-3A97F0548C61->NULL
->,Q47494313->NULL,George Peter Opondo Kaluma,Q1640905,NULL->Orange Democratic Movement,Q47463476,Homa Bay Town Constituency->Homa Bay Town,Q47494313-6B46B4E9-1C9B-4EC5-98DF-0083D0A97698->NULL
->,Q47494355->NULL,George Risa Sunkuyia,Q27963537,NULL->Jubilee Party,Q30687313->Q55615578,Kajiado West constituency->Kajiado West,Q47494355-3C0D408E-C706-4D18-B59A-0C5121A0F4CF->NULL
->,Q47493970->NULL,George Theuri,Q27963537,NULL->Jubilee Party,Q47463499,Embakasi West Constituency->Embakasi West,Q47493970-8E51B9CE-1BB2-4512-B815-763C26B08512->NULL
->,Q47486849->NULL,Gertrude Mbeyu Mwanyanje,Q1640905,NULL->Orange Democratic Movement,Q1741307,Kilifi County->Kilifi,Q47486849-7D1A776C-DF87-491F-A315-B3CB5CFBE953->NULL
+++,,Gideon Keter,Q27963537,Jubilee Party,,,
->,Q47494225->NULL,Gideon Kimutai Koske,Q47492863->Q60776120,NULL->Chama Cha Mashinani,Q5091695,Chepalungu Constituency->Chepalungu,Q47494225-D3FAC8EE-0713-49F3-9D43-3DE0626D32CC->NULL
->,Q47494833->NULL,Gideon Mutemi Mulyungi,Q5251223,NULL->Wiper Democratic Movement - Kenya,Q47463420,Mwingi Central Constituency->Mwingi Central,Q47494833-7C91F4C5-8DE7-41B7-B023-28BA929E7E56->NULL
->,Q47494201->NULL,Gideon Ochanda Ogolla,Q1640905,NULL->Orange Democratic Movement,Q4941430,Bondo Constituency->Bondo,Q47494201-77BD749F-D418-45F2-861A-E97125F31F37->NULL
->,Q47493894->NULL,Gideon Sitelu Konchela,Q27963537,NULL->Jubilee Party,Q6406874,Kilgoris Constituency->Kilgoris,Q47493894-CA7D2D2E-6A6E-4238-BACB-899A8DAD7C1B->NULL
->,Q47489991->NULL,Gladwell Jesire Cheruiyot,Q1422517,NULL->Kenya African National Union,Q808201,Baringo County->Baringo,Q47489991-51FF9B51-BCC0-4E1D-83B6-492BD61FF154->NULL
->,Q47489052->NULL,Gladys Atieno Nyasuna Wanga,Q1640905,NULL->Orange Democratic Movement,Q1625834,Homa Bay County->Homa Bay,Q47489052-97ADFE79-F80D-48B9-8591-B1455D5293AE->NULL
->,Q47490078,Gladys Jepkosgei-Boss Shollei->Gladys Boss Shollei,Q27963537,NULL->Jubilee Party,Q1121429,Uasin Gishu County->Uasin Gishu,Q47490078-68EE3F0F-73B3-4676-9031-D1D95C735555->NULL
+++,,Godfrey Osotsi,Q47489380,Amani National Congress,,,
->,Q18217506,Grace Jelagat Kipchoim,Q27963537,NULL->Jubilee Party,Q47463444,Baringo South Constituency->Baringo South,Q18217506-5f1e238f-4328-d946-aee8-431420a85537->NULL
+++,,Halima Yussuf Mucheke,Q27963537,Jubilee Party,,,
->,Q47494329->NULL,Hassan Oda Hulufo,Q47492848,NULL->KENYA PATRIOTS PARTY,Q17088189,Isiolo North Constituency->Isiolo North,Q47494329-6800B536-5BB7-4E17-8CDE-27402425AD19->NULL
->,Q47494471->NULL,Hilary Kiplang'at Kosgei->Hilary Kiplang’at Kosgei,Q27963537,NULL->Jubilee Party,Q47463455,Kipkelion West Constituency->Kipkelion West,Q47494471-8A3FB7B7-32DA-474B-9766-86439060FB27->NULL
---,Q47493905,Hon. David Gikaria.,Q27963537,,Q47463452,Nakuru Town East Constituency,Q47493905-2FC72B60-B5B2-444C-AEAE-5B6E9603D0CC
->,Q47494008->Q99364459,Innocent Momanyi Obiri->Innocent Obiri,Q22666200,NULL->Peoples Democratic Party,Q4934581,Bobasi Constituency->Bobasi,Q47494008-1D3002D6-DD73-489C-91F7-E865BEA8BE02->NULL
->,Q47490049->NULL,Irene Muthoni Kasalu,Q5251223,NULL->Wiper Democratic Movement - Kenya,Q1722597,Kitui County->Kitui,Q47490049-2D8789B2-6323-400F-84D5-98F04FD71EBA->NULL
->,Q47493910->NULL,Isaac Waihenya Ndirangu,Q27963537,NULL->Jubilee Party,Q47462592->Q55632063,Roysambu Constituency->Roysambu,Q47493910-EE465459-04C9-4A97-88C5-9ED996BEF3F6->NULL
->,Q47495122->NULL,James Gichuhi Mwangi,Q27963537,NULL->Jubilee Party,Q7706991,Tetu Constituency->Tetu,Q47495122-7313DE7F-B0AD-4F0C-9C2E-4344201756CC->NULL
->,Q47494909->NULL,James Gichuki Mugambi,Q27963537,NULL->Jubilee Party,Q7108562,Othaya Constituency->Othaya,Q47494909-44212C27-BC93-4F05-B97C-DFA16A732864->NULL
->,Q47494335->NULL,James Githua Kamau Wamacukuru,Q27963537,NULL->Jubilee Party,Q17088410,Kabete Constituency->Kabete,Q47494335-692AD064-8688-42BE-B456-B45BF96427B8->NULL
->,Q47494393->NULL,James Kipkosgei Murgor,Q27963537,NULL->Jubilee Party,Q6385295,Keiyo North Constituency->Keiyo North,Q47494393-99A991BC-B062-40F4-AC66-10D27288D1A2->NULL
->,Q47493944->NULL,James Lusweti Mukwe,Q5473121,NULL->Forum for Restoration of Democracy - Kenya,Q47463464,Kabuchai Constituency->Kabuchai,Q47493944-57CE54DA-5030-4066-B8E6-D4B0B9CA992B->NULL
->,Q47493951->NULL,James Mwangi Gakuya,Q27963537,NULL->Jubilee Party,Q47463494,Embakasi North Constituency->Embakasi North,Q47493951-04010A56-F9F2-4B75-AFDA-FA451BD22870->NULL
->,Q47494809->NULL,James Onyango K'Oyoo->James Onyango Oyoo,Q1640905,NULL->Orange Democratic Movement,Q13651057,Muhoroni Constituency->Muhoroni,Q47494809-36882804-A1EB-4EAF-AC5C-F5B8326EDCF0->NULL
->,Q47495169->NULL,James Opiyo Wandayi,Q1640905,NULL->Orange Democratic Movement,Q47463471,Ugunja Constituency->Ugunja,Q47495169-E752FFA6-73B3-4B88-B1C6-B70DCFDCE8F9->NULL
->,Q47493920->NULL,James Wambura Nyikal,Q1640905,NULL->Orange Democratic Movement,Q47463473,Seme Constituency->Seme,Q47493920-8FCD2A68-DD74-4CAB-8B74-4DBF4AF9856C->NULL
->,Q47490033->NULL,Jane Jepkorir Kiptoo Chebaibai,Q27963537,NULL->Jubilee Party,Q15216433,Elgeyo-Marakwet County->Elgeyo/Marakwet,Q47490033-58AE6702-FB20-42EE-995A-8C6D90392333->NULL
->,Q47490034->NULL,Jane Wanjuki Njiru,Q27963537,NULL->Jubilee Party,Q1335242,Embu County->Embu,Q47490034-524F4B00-9CA6-4866-AE20-637371070F70->NULL
->,Q47495143->NULL,Janet Jepkemboi Sitienei,Q327591,சுயே->Independent,Q47463436,Turbo Constituency->Turbo,Q47495143-C23A974D-30F8-4E36-A5C1-DF07F241EA44->NULL
->,Q47490039->NULL,Janet Marania Teyiaa,Q27963537,NULL->Jubilee Party,Q285072,Kajiado County->Kajiado,Q47490039-3D198D8F-0664-4CE2-BAEF-B2ACB372DB7D->NULL
->,Q47490075->NULL,Janet Nangabo Wanyama,Q27963537,NULL->Jubilee Party,Q1278653,Trans-Nzoia county->Trans Nzoia,Q47490075-5EC3CD86-8FCC-402F-A9B6-CC64628DCE67->NULL
->,Q47490047->NULL,Janet Ongera,Q1640905,NULL->Orange Democratic Movement,Q1743730,Kisii County->Kisii,Q47490047-4E54D2C8-90EC-4568-9024-344BD3FE7BC3->NULL
+++,,Japhet Miriti Kareke Mbiuki,Q27963537,Jubilee Party,Q47463416,Maara,
->,Q47494212->NULL,Japheth Kiplangat Mutai,Q27963537,NULL->Jubilee Party,Q4998466,Bureti Constituency->Bureti,Q47494212-28163FAD-FA83-4649-8D60-BFC899357A5B->NULL
->,Q47494876->NULL,Jared Odoyo Okelo,Q1640905,NULL->Orange Democratic Movement,Q7070870,Nyando Constituency->Nyando,Q47494876-C7918410-67E9-4E2C-8B6B-037BE4C69C74->NULL
->,Q47494842->NULL,Jayne Njeri Wanjiru Kihara,Q27963537,NULL->Jubilee Party,Q6959832,Naivasha Constituency->Naivasha,Q47494842-094ED302-E2EE-4E2B-BA0A-4E6141E98753->NULL
+++,,Jennifer Shamalla,Q27963537,Jubilee Party,,,
->,Q47494679->NULL,Jeremiah Ekamais Lomorukai,Q1640905,NULL->Orange Democratic Movement,Q47463429,Loima Constituency->Loima,Q47494679-A687E86B-4873-479D-8816-86A524C0CD50->NULL
->,Q6180925->NULL,Jeremiah Ngayu Kioni->Jeremiah Ng’ayu Kioni,Q27963537,NULL->Jubilee Party,Q6983699,Ndaragwa Constituency->Ndaragwa,Q6180925-ED438757-FF78-45B8-A057-CDECD57701DD->NULL
->,Q47494270->NULL,Jeremiah Omboko Milemba,Q47489380,NULL->Amani National Congress,Q5374869,Emuhaya Constituency->Emuhaya,Q47494270-55BCD980-6020-4BC7-834B-261E3169B0AD->NULL
->,Q47490065->NULL,Jerusha Mongina Momanyi,Q27963537,NULL->Jubilee Party,Q1569613,Nyamira county->Nyamira,Q47490065-07C155D4-6113-4B41-80A9-33095105CE16->NULL
->,Q47494415->NULL,Jessica Nduku Kiko Mbalu,Q5251223,NULL->Wiper Democratic Movement - Kenya,Q47463423,Kibwezi East Constituency->Kibwezi East,Q47494415-6EB37A28-CA8C-410E-BDC1-33E974D8F0C4->NULL
->,Q47494517->NULL,Jimmy Nuru Ondieki Angwenyi,Q27963537,NULL->Jubilee Party,Q47463487,Kitutu Chache North Constituency->Kitutu Chache North,Q47494517-8587368E-223F-4FE9-B4CC-FC6E09E3C470->NULL
->,Q47494868->NULL,Joash Nyamache Nyamoko,Q27963537,NULL->Jubilee Party,Q7056156,North Mugirango Constituency->North Mugirango,Q47494868-B9AE21AB-44CE-4675-8420-7705CC9F165A->NULL
->,Q47493962->NULL,Johana Ngeno Kipyegon,Q1422517,NULL->Kenya African National Union,Q19461591,Emurua Dikirr Constituency->Emurua Dikirr,Q47493962-E567355A-1365-46A9-95E6-1B90277F94FF->NULL
->,Q47495137->NULL,John Kanyuithia Mutunga,Q27963537,NULL->Jubilee Party,Q7801319,Tigania West Constituency->Tigania West,Q47495137-50A0A9B4-9024-433E-B222-4BC64EE10DEE->NULL
->,Q47494245->NULL,John Kiarie Waweru,Q27963537,NULL->Jubilee Party,Q5208646,Dagoretti South Constituency->Dagoretti South,Q47494245-A5A261CA-30FF-43B2-B4F0-2BB6B624EF64->NULL
->,Q47495147->NULL,John Lodepe Nakara,Q1640905,NULL->Orange Democratic Movement,Q17099533,Turkana Central Constituency->Turkana Central,Q47495147-6A8681C8-93A1-45CA-897B-FDDE1FFC5665->NULL
->,Q47494735->NULL,John Muchiri Nyaga,Q27963537,NULL->Jubilee Party,Q6753394,Manyatta Constituency->Manyatta,Q47494735-18B0A664-F892-4C53-A729-4337FCB0DD2E->NULL
->,Q47494473->NULL,John Munene Wambugu,Q27963537,NULL->Jubilee Party,Q6415320,Kirinyaga Central Constituency->Kirinyaga Central,Q47494473-348DAEF6-9443-4BC8-8681-0AE8A2B66626->NULL
---,Q111177826,John Ndirangu Kariuki,,,,,Q111177826-D0E1D721-25F2-4F5E-AC3D-BDACD349A928
->,Q6251185->NULL,John Olago Aluoch,Q5473121,NULL->Forum for Restoration of Democracy - Kenya,Q6417350,Kisumu Town West Constituency->Kisumu West,Q6251185-0CCEB4DD-60E1-4AAC-82CB-71E7ACDE6C0B->NULL
->,Q47494200->NULL,John Oroo Oyioka,Q22666200,NULL->Peoples Democratic Party,Q4941238,Bonchari Constituency->Bonchari,Q47494200-DC825B9E-E958-4C3B-B2C8-53B6787AE50D->NULL
->,Q47494319->NULL,John Paul Mwirigi,Q327591,சுயே->Independent,Q5991645,Igembe South Constituency->Igembe South,Q47494319-2854F841-3F0A-4FF4-9C99-4202EA525DD6->NULL
->,Q47493990->Q100146454,John Walter Owino->John Owino,Q1640905,NULL->Orange Democratic Movement,Q47463477,Awendo Constituency->Awendo,Q47493990-B31D11A9-3605-4575-BF5C-37C175A94642->NULL
->,Q47495024->NULL,John Waluke Koyi,Q27963537,NULL->Jubilee Party,Q7530345,Sirisia Constituency->Sirisia,Q47495024-C67A63DD-DB5F-4143-87FB-48969BB45B44->NULL
->,Q47494819->NULL,Johnson Manya Naicca,Q1640905,NULL->Orange Democratic Movement,Q47463461,Mumias West Constituency->Mumias West,Q47494819-C5767890-D912-4212-9CC7-3AB42CE7C973->NULL
->,Q47494658->NULL,Jonah Mburu Mwangi,Q27963537,NULL->Jubilee Party,Q6489334,Lari Constituency->Lari,Q47494658-774E83BA-128A-4B50-AB26-3181E0DBCB64->NULL
->,Q47495180->NULL,Jones Mwagogo Mlolwa,Q1640905,NULL->Orange Democratic Movement,Q7939444,Voi Constituency->Voi,Q47495180-A0459650-4DF7-4DE0-B1DC-19343FBC85DE->NULL
->,Q47494219->NULL,Joseph H Maero Oyula->Joseph H. Maero Oyula,Q1640905,NULL->Orange Democratic Movement,Q5003161,Butula Constituency->Butula,Q47494219-C0EBA0CA-38DD-430A-B638-37C137402CA7->NULL
->,Q47494298->NULL,Joseph Nduati Ngugi,Q27963537,NULL->Jubilee Party,Q5526949,Gatanga Constituency->Gatanga,Q47494298-75C15245-C352-4519-A092-E9AA6940589B->NULL
->,Q47494350->NULL,Joseph Wathigo Manje,Q27963537,NULL->Jubilee Party,Q6348987,Kajiado North Constituency->Kajiado North,Q47494350-0A5296D2-8BBA-48C8-ABB6-503E8D61E736->NULL
->,Q47494996->NULL,Josephine Naisula Lesuuda,Q1422517,NULL->Kenya African National Union,Q7409120,Samburu West Constituency->Samburu West,Q47494996-F23E34CC-07CE-4347-B1C1-CFBC467BABB1->NULL
->,Q47494872->NULL,Joshua Aduma Owuor,Q1640905,NULL->Orange Democratic Movement,Q7070809,Nyakach Constituency->Nyakach,Q47494872-F32990A2-3341-4F3B-A4D2-05DB96372AD9->NULL
->,Q47494001->NULL,Joshua Chepyegon Kandie,Q47489396,NULL->Maendeleo Chap Chap Party,Q4860772,Baringo Central Constituency->Baringo Central,Q47494001-120839E1-F627-42CE-84F4-A1BF6E3F0A05->NULL
->,Q47494341->NULL,Joshua Kivinda Kimilu,Q5251223,NULL->Wiper Democratic Movement - Kenya,Q6348628,Kaiti Constituency->Kaiti,Q47494341-3260F69B-4773-40F0-A312-B0921A145FC5->NULL
->,Q47493917->NULL,Joshua Kutuny Serem,Q27963537,NULL->Jubilee Party,Q5091828,Cherangany Constituency->Cherangany,Q47493917-1F16E68D-688E-4799-964E-6A5585853A85->NULL
->,Q47494753->NULL,Joshua Mbithi Mwalyo,Q5251223,NULL->Wiper Democratic Movement - Kenya,Q6783288,Masinga Constituency->Masinga,Q47494753-E806739A-A99A-482E-B650-0CFC4E364836->NULL
->,Q47495134->NULL,Josphat Gichunge Mwirabua Kabeabea,Q2559675,NULL->Party of National Unity,Q7801321,Tigania East Constituency->Tigania East,Q47495134-81C6FFE9-2E08-4587-BF2C-A410ADA49D70->NULL
->,Q47494828->NULL,Josphat Kabinga Wachira,Q27963537,NULL->Jubilee Party,Q6944711,Mwea Constituency->Mwea,Q47494828-6C77DE7E-E295-426E-BB89-5C257A9720D7->NULL
->,Q47490076->Q100146457,Joyce Akai Emanikor->Joyce Emanikor,Q27963537,NULL->Jubilee Party,Q1633078,Turkana County->Turkana,Q47490076-B67CC58D-7D88-46DD-A876-E2F2E26E7ECA->NULL
->,Q47490053->NULL,Joyce Kamene,Q5251223,NULL->Wiper Democratic Movement - Kenya,Q1882639,Machakos County->Machakos,Q47490053-C8921858-5D97-4224-A4BA-92A20E796B0F->NULL
->,Q47490021->NULL,Joyce Korir Chepkoech,Q27963537,NULL->Jubilee Party,Q891952,Bomet County->Bomet,Q47490021-3616B8B2-BC09-4E11-B084-D052E87023CB->NULL
->,Q47494407->NULL,Jude L Kangethe Njomo->Jude L. Kangethe Njomo,Q27963537,NULL->Jubilee Party,Q47463427,Kiambu Constituency->Kiambu,Q47494407-051CE269-2BF5-41E5-B6D9-932D772D31B2->NULL
->,Q47495140->Q16732461,Julius Kipbiwot->Julius Kibiwott Melly,Q27963537,NULL->Jubilee Party,Q7808048,Tinderet Constituency->Tinderet,Q47495140-79EC55D5-D523-4428-8D11-9CD58521A79D->NULL
->,Q47494260->NULL,Julius Musili Mawathe,Q5251223,NULL->Wiper Democratic Movement - Kenya,Q47463492,Embakasi South Constituency->Embakasi South,Q47494260-68EA35FC-795E-4C9F-B4F9-3D6F81A54DFB->NULL
->,Q47495084->NULL,Junet Sheikh Nuh,Q1640905,NULL->Orange Democratic Movement,Q47463479,Suna East Constituency->Suna East,Q47495084-2073059E-D555-4376-98B6-5B09FDA8EA5F->NULL
->,Q47494999->NULL,Justus Gesito Mugali M'mbaya->Justus Gesito Mugali M'MBAYA,Q1640905,NULL->Orange Democratic Movement,Q7497839,Shinyalu Constituency->Shinyalu,Q47494999-37C1559B-413A-4C63-9559-729B53649763->NULL
->,Q47494768->NULL,Justus Murunga Makokha,Q47489380,NULL->Amani National Congress,Q17089719,Matungu Constituency->Matungu,Q47494768-CE71F04E-6C45-4A60-A07F-EE0D7DE244C1->NULL
->,Q47494960->NULL,Kajwang' Tom Joseph Francis->KAJWANG' TOM JOSEPH FRANCIS,Q1640905,NULL->Orange Democratic Movement,Q24236499,Ruaraka Constituency->Ruaraka,Q47494960-ECFEF068-A429-4C61-A493-734FD5608243->NULL
->,Q47493946->NULL,Kassim Sawa Tandaza,Q47489380,NULL->Amani National Congress,Q6791957,Matuga Constituency->Matuga,Q47493946-C8F05BE3-2B98-4B31-9321-788C7F805165->NULL
->,Q47495046->NULL,Kathuri Murungi,Q327591,சுயே->Independent,Q7567524,South Imenti Constituency->South Imenti,Q47495046-51508444-8981-4CA7-84CC-ED117A1A4EE5->NULL
->,Q47490058->NULL,Kawira Mwangaza,Q327591,சுயே->Independent,Q15045704,Meru County->Meru,Q47490058-66AAF643-62C6-4C14-95A3-61CC910FB8F1->NULL
->,Q47494410->NULL,Kenneth Odhiambo Okoth->Benard Otieno Okoth,Q1640905,NULL->Orange Democratic Movement,Q22080473,Kibra Constituency->Kibra,Q47494410-8C447729-42E6-4AB1-AA36-94003B7C45A4->NULL
->,Q18388019->NULL,Khatib Mwashetani->Khatib Abdallah Mwashetani,Q27963537,NULL->Jubilee Party,Q47463406,Lunga Lunga Constituency->Lunga Lunga,Q18388019-172FEBE2-1B58-44D2-B8C9-C7B2194217B9->NULL
->,Q47494946->NULL,Kipruto Moi,Q1422517,NULL->Kenya African National Union,Q7365616,Rongai Constituency->Rongai,Q47494946-D5ADA747-21B1-4FD8-9D2B-1CC79A532BAF->NULL
->,Q47494470->NULL,Kirui Joseph Limo,Q27963537,NULL->Jubilee Party,Q22080475,Kipkelion East Constituency->Kipkelion East,Q47494470-EA697074-AD74-4CD8-A3F9-BA24C5ECC91B->NULL
->,Q47493913->NULL,Korei Ole Lemein->Dr. Korei LEMEIN,Q27963537,NULL->Jubilee Party,Q6966109,Aam Aadmi Party->Narok South,Q47493913-71AC8079-6539-4E61-A34E-0068A9A073C7->NULL
->,Q47489064->NULL,Kulow Maalim Hassan,Q42954840,NULL->Economic Freedom Party,Q47463413,Banissa Constituency->Banissa,Q47489064-D9956A94-F391-48BE-A83A-C15540051DF7->NULL
->,Q47494853->NULL,Lemanken Aramat,Q27963537,NULL->Jubilee Party,Q24236157,Narok East Constituency->Narok East,Q47494853-9A603DB6-13EE-43C4-A73E-216B54592E44->NULL
->,Q47494981->NULL,Lentoi Joni L Jackson Lekumontare->Lentoi Joni L. Jackson Lekumontare,Q1422517,NULL->Kenya African National Union,Q7409117,Samburu East Constituency->Samburu East,Q47494981-31999C28-3D10-49C2-BC1F-5ED06CDCFD26->NULL
->,Q47494932->NULL,Lilian Achieng Gogo,Q1640905,NULL->Orange Democratic Movement,Q7292934,Rangwe Constituency->Rangwe,Q47494932-CEEF51C4-1437-4F6A-8AF9-C8D2CC1106B3->NULL
->,Q47490080->Q100146462,Lilian Cheptoo Tomitom->Lilian Tomitom,Q27963537,NULL->Jubilee Party,Q590860,West Pokot County->West Pokot,Q47490080-7A88AEB5-896A-4CA1-AC99-A3F6FAB2519D->NULL
->,Q47495152->NULL,Lokiru Ali Mohammed,Q1640905,NULL->Orange Democratic Movement,Q47463430,Turkana East Constituency->Turkana East,Q47495152-9D8410C6-FC2B-4789-8937-F0C5D3BF2779->NULL
->,Q47490072->NULL,Lydia Haika Mnene Mizighi,Q27963537,NULL->Jubilee Party,Q7193788,Taita–Taveta County->Taita Taveta,Q47490072-4315C2FD-4CEF-4C2F-905A-ECE2AD3304F2->NULL
+++,,Maina Kamanda,Q27963537,Jubilee Party,,,
->,Q47490069->NULL,Maison Leshoomo,Q1422517,NULL->Kenya African National Union,Q2096419,Samburu County->Samburu,Q47490069-06460593-1A5C-4EFF-A5F4-3FBE9A8D82F1->NULL
->,Q47494339->Q104857250,Mark Lomunokol,Q7141057,NULL->PARTY FOR DEVELOPMENT AND REFORM,Q6344643,Kacheliba Constituency->Kacheliba,Q47494339-195E1BB7-0A52-49E8-B48D-83A2411E6398->NULL
->,Q47495175->NULL,Mark Ogolla Nyamita,Q1640905,NULL->Orange Democratic Movement,Q7900644,Uriri Constituency->Uriri,Q47495175-81DBE4E3-5D43-434D-A1FA-E820E6E3586C->NULL
->,Q47494642->NULL,Marselino Malimo Arbelle->Marselino Malimo ARBALLE,Q27963537,NULL->Jubilee Party,Q6474135,Laisamis Constituency->Laisamis,Q47494642-EAB6CDF2-233A-4A57-B2EC-D5683EC3023E->NULL
->,Q47494309->NULL,Martha Wangari Wanjira,Q27963537,NULL->Jubilee Party,Q47463447,Gilgil Constituency->Gilgil,Q47494309-7783862C-ED32-46CD-B507-048B85783857->NULL
->,Q47494899->NULL,Martin Deric Ngunjiri Wambugu,Q27963537,NULL->Jubilee Party,Q7071069,Nyeri Town Constituency->Nyeri Town,Q47494899-57FB9282-546F-434D-925D-548D9BED5F1F->NULL
->,Q47494862->NULL,Martin Peters Owino,Q1640905,NULL->Orange Democratic Movement,Q6983737,Ndhiwa Constituency->Ndhiwa,Q47494862-52300CA2-7C5A-4A47-A762-A181C7F911DD->NULL
->,Q47494590->NULL,Marwa Kemero Maisori Kitayama,Q27963537,NULL->Jubilee Party,Q47463483,Kuria East Constituency->Kuria East,Q47494590-7EF92A33-1931-4A27-BF3F-55853B248949->NULL
->,Q47494738->NULL,Mary Wamaua Waithira Njoroge,Q27963537,NULL->Jubilee Party,Q6754641,Maragua Constituency->Maragwa,Q47494738-8D174430-4C95-4E7D-9A6A-FE72234E0190->NULL
->,Q47493958->NULL,Mathenge James Kanini Kega,Q27963537,NULL->Jubilee Party,Q6405311,Kieni Constituency->Kieni,Q47493958-BD36C597-5745-4FA4-B80F-333CE1756F22->NULL
->,Q47494619->NULL,Mathias Nyamabe Robi,Q27963537,NULL->Jubilee Party,Q47463481->Q55616293,Kuria West Constituency->Kuria West,Q47494619-75C14078-1BCB-4096-9AA5-BF53A2AAAB33->NULL
+++,Q6799567,Mbadi John Ng'ongo,Q1640905,Orange Democratic Movement,,Suba South,
->,Q47494386->NULL,Mercy Wanjiku Gakuya,Q27963537,NULL->Jubilee Party,Q6374034,Kasarani Constituency->Kasarani,Q47494386-6092ADA9-AE14-4BF6-AD8B-DE6A03B0DCE7->NULL
->,Q47494354->NULL,Metito Judah Katoo->Katoo Judah KATOO,Q27963537,NULL->Jubilee Party,Q6348985,Kajiado South Constituency->Kajiado South,Q47494354-75FABA6C-E0D1-45FA-A783-1BEF55DB6ECD->NULL
->,Q47489037->NULL,Michael Mwangi Muchira,Q27963537,NULL->Jubilee Party,Q47463424,Ol Jorok Constituency->Ol Jorok,Q47489037-34DA2824-6C26-4B46-ADF0-A248CC700C2A->NULL
->,Q47494697->NULL,Michael Thoyah Kingi,Q1640905,NULL->Orange Democratic Movement,Q6729713,Magarini Constituency->Magarini,Q47494697-03C31F55-D211-4CF2-B501-FF98FCE9F021->NULL
---,Q6848880,Mike Sonko,,,,,Q6848880-7D706BEF-22CA-4B05-BB4D-7E8402D194F6
->,Q47495077->NULL,Millie Grace Akoth Odhiambo,Q1640905,NULL->Orange Democratic Movement,Q6799698->NULL,Suba North Constituency->Suba North,Q47495077-8AF02D28-005B-471A-B3B3-E78C9A667FC8->NULL
->,Q47494192->NULL,Miruka Ondieki Alfah,Q6392670,NULL->Kenya National Congress,Q47463485->Q55605716,Bomachoge Chache Constituency->Bomachoge Chache,Q47494192-4422157F-7FE5-46FD-9F8B-E745524DBAD7->NULL
->,Q47494664->NULL,Mishi Juma Khamisi Mboko,Q1640905,NULL->Orange Democratic Movement,Q6547331,Likoni Constituency->Likoni,Q47494664-70A4EEA7-2635-45E8-AE44-0BB4E6C7EECA->NULL
+++,,Mohamed Ali MOHAMMED,Q327591,Independent,Q55627148,Nyali,
->,Q47494238->NULL,Mohamed Dahir Duale,Q1422517,NULL->Kenya African National Union,Q47463410,Dadaab Constituency->Dadaab,Q47494238-3D67E884-2DB3-439B-9C76-CA86C2705874->NULL
->,Q47494633->NULL,Mohamed Hire Garane,Q1422517,NULL->Kenya African National Union,Q11034978,Lagdera Constituency->Lagdera,Q47494633-99447A1D-28D3-4C26-AC82-29CDD0075843->NULL
->,Q47495187->NULL,Mohamud Sheikh Mohammed->Mohamud Sheikh MOHAMED,Q27963537,NULL->Jubilee Party,Q7960719,Wajir South Constituency->Wajir South,Q47495187-28E6B014-0541-4ED2-B4DD-B8D15C057BB6->NULL
->,Q47494557->NULL,Moses Kipkemboi Cheboi,Q27963537,NULL->Jubilee Party,Q47463449,Kuresoi North Constituency->Kuresoi North,Q47494557-E38C5082-CDED-4EDE-B66F-C2DF732E41B3->NULL
->,Q22278744->NULL,Moses Kuria->Moses Kiarie Kuria,Q27963537,NULL->Jubilee Party,Q5527549,Gatundu South Constituency->Gatundu South,Q22278744-A5C572F9-EE12-43E7-A641-A11BB1143D06->NULL
->,Q16731419,Moses Lessonet,Q27963537,NULL->Jubilee Party,Q5353892,Eldama Ravine Constituency->Eldama Ravine,Q16731419-C27E52AE-2D0F-4EB2-AC3E-075E7E444B96->NULL
->,Q47494713->NULL,Moses Malulu Injendi,Q27963537,NULL->Jubilee Party,Q6741420,Malava Constituency->Malava,Q47494713-699F00F5-873A-41A6-A9E8-CD398A4541A1->NULL
->,Q47494224->NULL,Moses Nguchine Kirima,Q27963537,NULL->Jubilee Party,Q5061241,Central Imenti Constituency->Central Imenti,Q47494224-C59BD18F-112B-4D9E-9C5A-1652E293EE3B->NULL
->,Q47494208->NULL,Moses Wekesa Mwambu Mabonga,Q327591,சுயே->Independent,Q4997372,Bumula Constituency->Bumula,Q47494208-49D9963C-89DE-4F72-A3BE-85529E5DECE7->NULL
->,Q47494223->NULL,Mugambi Murwithania Rindikiri,Q27963537,NULL->Jubilee Party,Q24236151,Buuri Constituency->Buuri,Q47494223-0DC259CE-A75B-44B5-9F85-64F2390A13CD->NULL
->,Q16885582->NULL,Naomi Shaban->Naomi Namsi Shaban,Q27963537,NULL->Jubilee Party,Q7689082,Taveta Constituency->Taveta,Q16885582-2916E11F-6ACE-48B6-8374-C1D4972B78E5->NULL
+++,,Nasri Sahal Ibrahim,Q5473121,FORD - Kenya,,,
->,Q47494007->NULL,Nelson Koech,Q27963537,NULL->Jubilee Party,Q4882701,Belgut Constituency->Belgut,Q47494007-A8E905FA-FA83-4CAC-980B-DD6E1956D06F->NULL
->,Q47494217->NULL,Nicholas Scott Tindi Mwale,Q47489380,NULL->Amani National Congress,Q5002502,Butere Constituency->Butere,Q47494217-7E18F5D3-C5DE-4762-9340-47862B770EBB->NULL
->,Q47494489->NULL,Nimrod Mbithuka Mbai,Q27963537,NULL->Jubilee Party,Q6943975,Kitui East Constituency->Kitui East,Q47494489-BF3F9F13-9503-4E17-B71A-3C763CCC6196->NULL
->,Q47494723->NULL,Omar Mohamed Maalim Hassan,Q42954840,NULL->Economic Freedom Party,Q6747984,Mandera East Constituency->Mandera East,Q47494723-B103AE5E-5191-45AF-8C6F-03ADEBA022C0->NULL
->,Q47493923,Omar Mwinyi Shimbwa->Omar Mwinyi,Q1640905,NULL->Orange Democratic Movement,Q5071716,Changamwe Constituency->Changamwe,Q47493923-CBE5671F-1A1E-4CC6-A30A-DAB36F76040B->NULL
->,Q47490071->NULL,Ombaka Christine Oduor->Christine Ombaka Oduor,Q1640905,NULL->Orange Democratic Movement,Q3482913,Siaya County->Siaya,Q47490071-2D877FE7-5256-4523-8C45-9620BCA88B5E->NULL
->,Q47493992->Q100146466,Onesmas Kimani Ngunjiri->Onesmas Ngunjiri,Q27963537,NULL->Jubilee Party,Q45390855->Q55604710,Bahati,Q47493992-CEBB0084-7C40-4186-BC07-A0336A4C69F2->NULL
---,Q47494377,Oscar Kipchumba Sudi,Q27963537,,Q47463439,Kapseret Constituency,Q47494377-6E96C102-CE7C-43A6-943A-4C67DF01958B
+++,Q99337189,Oscar Sudi,Q27963537,Jubilee Party,Q55615677,Kapseret,
->,Q47494435->NULL,Owen Yaa Baya,Q1640905,NULL->Orange Democratic Movement,Q18388215,Kilifi North Constituency->Kilifi North,Q47494435-9733A293-570A-4CC0-9125-250741DF4CA8->NULL
->,Q47494255->Q83801307,Owino Paul Ongili Babu->Babu Owino,Q1640905,NULL->Orange Democratic Movement,Q47463497,Embakasi East Constituency->Embakasi East,Q47494255-3C83EB8C-AEBE-4F70-9587-6FADAC994A86->NULL
->,Q47490059->NULL,Pamela Awuor Ochieng,Q1640905,NULL->Orange Democratic Movement,Q429955,Migori County->Migori,Q47490059-76480C71-1FB8-4972-8A84-00E6FE4DE4AF->NULL
->,Q47494641->NULL,Patrick Kariuki Mariru,Q27963537,NULL->Jubilee Party,Q6473834,Laikipia West Constituency->Laikipia West,Q47494641-8DB8D5EE-11F2-4DCD-9B39-2504CCAD3A8F->NULL
->,Q47495130->NULL,Patrick Kimani Wainaina Jungle,Q327591,சுயே->Independent,Q47463425->Q55635690,Thika Town Constituency->Thika Town,Q47495130-481E766B-4A32-4AC7-9355-2D96212D9499->NULL
->,Q47494776->NULL,Patrick Makau King'ola,Q5251223,NULL->Wiper Democratic Movement - Kenya,Q47463421,Mavoko Constituency->Mavoko,Q47494776-CAD99A08-8CCB-4EB1-B0A2-8BFB9635A8DE->NULL
->,Q47494231->NULL,Patrick Munene Ntwiga,Q27963537,NULL->Jubilee Party,Q47463418,Chuka/Igambang'ombe Constituency->Chuka Igambang'ombe,Q47494231-00ADE33D-D0C0-4BC0-A946-97DE9CB46E55->NULL
->,Q47494421->NULL,Patrick Mweu Musimba,Q327591,சுயே->Independent,Q47463422,Kibwezi West Constituency->Kibwezi West,Q47494421-59C79A8E-9741-4E46-8ADC-A3AFFA8B0E1E->NULL
->,Q47494361->NULL,Paul Kahindi Katana,Q1640905,NULL->Orange Democratic Movement,Q13123143,Kaloleni Constituency->Kaloleni,Q47494361-7E80E863-DD12-4782-91D5-57B212DEC546->NULL
->,Q47494404->NULL,Paul Koinange,Q27963537,NULL->Jubilee Party,Q6403727,Kiambaa Constituency->Kiambaa,Q47494404-A4A5D973-600A-4B07-A210-97F838C69DE5->NULL
->,Q47494839->NULL,Paul Musyimi Nzengu,Q5251223,NULL->Wiper Democratic Movement - Kenya,Q6944742,Mwingi North Constituency->Mwingi North,Q47494839-3E23934F-0306-4CDC-AB8D-9C411CB58A30->NULL
->,Q47494955->NULL,Paul Odalo Mak' Ojuando Abuor->Paul Abuor,Q1640905,NULL->Orange Democratic Movement,Q7365633,Rongo Constituency->Rongo,Q47494955-F3C73A9A-7532-4B11-A366-F24E7B0AB656->NULL
->,Q47494933->NULL,Paul Otiende Amollo->Dr. Otiende Amollo,Q1640905,NULL->Orange Democratic Movement,Q7294558,Rarieda Constituency->Rarieda,Q47494933-6E75EC7C-A31D-4B4A-835D-2DDF51DAE0D3->NULL
->,Q47493974->NULL,Paul Simba Arati,Q1640905,NULL->Orange Democratic Movement,Q17048596,Dagoretti North Constituency->Dagoretti North,Q47493974-642C71FB-2A57-4F25-83E8-C5471C1BF0F2->NULL
->,Q16886147->NULL,Peris Tobiko->Peris Pesi Tobiko,Q27963537,NULL->Jubilee Party,Q47463454,Kajiado East Constituency->Kajiado East,Q16886147-845873A2-3EC5-4083-86E1-812D6E5ED1A4->NULL
->,Q47495101->NULL,Peter Francis Masara,Q327591,சுயே->Independent,Q47463480,Suna West Constituency->Suna West,Q47495101-DA409E69-FC9A-45AC-9953-53C3DFF31ECC->NULL
->,Q47494763->NULL,Peter Kimari Kihara,Q27963537,NULL->Jubilee Party,Q6787280,Mathioya Constituency->Mathioya,Q47494763-DAB913AC-4D1C-4D93-BC94-F6877A990EDC->NULL
->,Q47495001->NULL,Peter Lochakapong,Q27963537,NULL->Jubilee Party,Q7513096,Sigor Constituency->Sigor,Q47495001-E100383C-B556-43EE-A403-AA8A88B2E471->NULL
->,Q47494675->NULL,Peter Mungai Mwathi,Q27963537,NULL->Jubilee Party,Q10978796,Limuru Constituency->Limuru,Q47494675-6EE99B51-D53F-4319-A1C9-F8D07374B263->NULL
+++,,Prof. Jacquiline Adhiambo Oduol,Q1640905,Orange Democratic Movement,,,
->,Q47490046->NULL,Purity Wangui Ngirici,Q27963537,NULL->Jubilee Party,Q2230311,Kirinyaga County->Kirinyaga,Q47490046-2A8A60E7-179F-4161-A264-983EB34D7926->NULL
->,Q47494803->NULL,Qalicha Gufu Wario,Q27963537,NULL->Jubilee Party,Q6927587,Moyale Constituency->Moyale,Q47494803-9242068B-7578-4B8A-9F74-2CAFE5D512C5->NULL
->,Q47494506->NULL,Rachael Kaki Nyamai,Q27963537,NULL->Jubilee Party,Q6418636,Kitui South Constituency->Kitui South,Q47494506-FAF3567C-4C5F-4854-BC3C-D12F2AC19328->NULL
->,Q47490068->NULL,Rahab Mukami Wachira,Q27963537,NULL->Jubilee Party,Q749665,Nyeri County->Nyeri,Q47490068-4362159A-5124-4EE4-AD15-5742F5121D55->NULL
->,Q47494205->NULL,Raphael Bitta Sauti Wanjala,Q1640905,NULL->Orange Democratic Movement,Q4984030,Budalangi Constituency->Budalangi,Q47494205-5AB86859-A2D4-43B0-BD13-940C575FA297->NULL
->,Q47495181->NULL,Rashid Kassim Amin,Q5251223,NULL->Wiper Democratic Movement - Kenya,Q7960716,Wajir East Constituency->Wajir East,Q47495181-12EC42F5-ABC4-4861-9D14-8E00D0A06F37->NULL
->,Q47490038->NULL,Rehema Dida Jaldesa,Q27963537,NULL->Jubilee Party,Q1499046,Isiolo County->Isiolo,Q47490038-B17BBDAD-C3D5-444E-94EB-E8A4B09BB1B8->NULL
->,Q47490073->NULL,Rehema Hassan,Q47489396,NULL->Maendeleo Chap Chap Party,Q383150,Tana River County->Tana River,Q47490073-EC280EAF-2087-4EF5-A7D9-C1CF49C71BF6->NULL
->,Q47494438->NULL,Richard Ken Chonga Kiti,Q1640905,NULL->Orange Democratic Movement,Q47463407->Q55615984,Kilifi South Constituency->Kilifi South,Q47494438-6F852853-47B5-4F5D-9D93-589138803108->NULL
->,Q47494318->NULL,Richard Maore Maoka,Q27963537,NULL->Jubilee Party,Q5991642,Igembe North Constituency->Igembe North,Q47494318-3A41B174-2DEA-4AC8-A026-E047D0D9812D->NULL
->,Q47493933->NULL,Richard Moitalei Ole Kenta->Richard Moitalel KENTA,Q1640905,NULL->Orange Democratic Movement,Q6966106,Narok North Constituency->Narok North,Q47493933-3D6B6BCF-9C5A-4A27-84FA-1A1C17970599->NULL
+++,,Richard Momoima Onyonka,Q5473121,Forum for Restoration of Democracy - Kenya,Q55616076,Kitutu Chache South,
->,Q47494882->NULL,Richard Nyagaka Tongi,Q27963537,NULL->Jubilee Party,Q7070906,Nyaribari Chache Constituency->Nyaribari Chache,Q47494882-00F308C3-1522-4A07-90DB-A1556E67AB77->NULL
->,Q47494765->NULL,Rigathi Gachagua,Q27963537,NULL->Jubilee Party,Q6787283,Mathira Constituency->Mathira,Q47494765-9935D85F-1E8C-4B4C-AB09-D478F4606014->NULL
->,Q47494307->NULL,Robert Gichimu Githinji,Q27963537,NULL->Jubilee Party,Q5559477,Gichugu Constituency->Gichugu,Q47494307-FB22982C-75F4-4DA6-916A-74959BDF85D3->NULL
+++,,Robert Mbui,Q5251223,Wiper Democratic Movement - Kenya,Q6376607,Kathiani,
->,Q18098773,Robert Pukose,Q27963537,NULL->Jubilee Party,Q47463433,Endebess Constituency->Endebess,Q18098773-201e8ba6-40f7-b556-f166-ec70e3d24a51->NULL
->,Q47494197->NULL,Ronald Kiprotich Tonui,Q27963537,NULL->Jubilee Party,Q47463457,Bomet Central Constituency->Bomet Central,Q47494197-E554CEAA-0DF4-40B2-BC94-4A897A45BE72->NULL
->,Q47490054->NULL,Rose Museo Mumo,Q5251223,NULL->Wiper Democratic Movement - Kenya,Q473717,Makueni County->Makueni,Q47490054-71C648DF-B535-441C-BA11-4E01C1038A0D->NULL
->,Q47490064->NULL,Roselinda Soipan Tuya,Q27963537,NULL->Jubilee Party,Q1852220,Narok County->Narok,Q47490064-DDD3042E-6011-4699-97B5-7DE63C5F5D4B->NULL
->,Q47490048->NULL,Rozaah Akinyi Buyu,Q1640905,NULL->Orange Democratic Movement,Q1743809,Kisumu County->Kisumu,Q47490048-788440C1-E51E-4A44-BF89-4D149FF39B50->NULL
->,Q47494424->NULL,Ruth W Mwaniki->Ruth Wangari Mwaniki,Q27963537,NULL->Jubilee Party,Q6405979,Kigumo Constituency->Kigumo,Q47494424-2DF59DBE-EA17-4417-8783-CBC378D8725F->NULL
->,Q47490052->NULL,Ruweida Mohamed Obo,Q27963537,NULL->Jubilee Party,Q1951652,Lamu County->Lamu,Q47490052-6222223C-0D7D-415E-B8C2-74367576E905->NULL
->,Q16214164,Sabina Wanjiru Chege->Maitu Sabina Wanjiru Chege,Q27963537,NULL->Jubilee Party,Q1781723,Muranga County->Muranga,Q16214164-D75CE42F-6BB5-426D-9A3B-039A413C7559->NULL
->,Q47490057->NULL,Safia Sheikh Adan,Q27963537,NULL->Jubilee Party,Q1323683,Marsabit County->Marsabit,Q47490057-6E2C4538-EA89-4B3F-9ED9-DD31BA2AC3A2->NULL
->,Q47494291->NULL,Said Buya Hiribae,Q5473121,NULL->Forum for Restoration of Democracy - Kenya,Q5519275,Galole Constituency->Galole,Q47494291-191500B5-0425-4586-A262-EDBEEEA71E88->NULL
->,Q47494847->NULL,Sakwa John Bunyasi,Q47489380,NULL->Amani National Congress,Q6961369,Nambale Constituency->Nambale,Q47494847-0EAA1CDC-AD28-40D0-A6EF-F90DDC3C4B1F->NULL
+++,,Sammy Kipkorir Seroney,Q5251223,Wiper Democratic Movement - Kenya,,,
->,Q47494428->NULL,Samson Ndindi Nyoro,Q27963537,NULL->Jubilee Party,Q6406003,Kiharu Constituency->Kiharu,Q47494428-3E9322E2-95F7-4FD8-849A-2F7280F1144E->NULL
->,Q47493930,Samuel Arama,Q27963537,NULL->Jubilee Party,Q47463451,Nakuru Town West Constituency->Nakuru Town West,Q47493930-F746DC7E-B7AA-40A6-8E3C-C3C1A2F5D02E->NULL
->,Q47495079->NULL,Samuel Kinuthia Gachobe,Q27963537,NULL->Jubilee Party,Q7632288,Subukia Constituency->Subukia,Q47495079-B6113B5C-F093-44A1-A64F-ECF373AC96EA->NULL
->,Q47493987->NULL,Samuel Onunga Atandi->Samuel Atandi,Q1640905,NULL->Orange Democratic Movement,Q4714387,Alego Constituency->Alego Usonga,Q47493987-BD5C00A7-6DAB-45D6-A0AE-82D2AA9F312B->NULL
->,Q47493897->NULL,Samwel Moroto Chumel,Q27963537,NULL->Jubilee Party,Q13640987,Kapenguria Constituency->Kapenguria,Q47493897-AD012F93-6BB6-4255-9BA6-122F2701AFEB->NULL
->,Q47494639->NULL,Sarah Paulata Korere,Q27963537,NULL->Jubilee Party,Q47463445,Laikipia North Constituency->Laikipia North,Q47494639-9C518E0B-2A84-47D2-8F14-0FEE004F87AA->NULL
->,Q47494518->NULL,Shadrack John Mose,Q27963537,NULL->Jubilee Party,Q6418659,Kitutu Masaba Constituency->Kitutu Masaba,Q47494518-57DB2FA8-E35E-47D9-AF6C-3045189AAB80->NULL
->,Q47494644->NULL,Sharif Athman Ali,Q27963537,NULL->Jubilee Party,Q6482731,Lamu East Constituency->Lamu East,Q47494644-5C14EA38-FD98-4F9B-AB1C-B58BE42FCEC1->NULL
->,Q47494792->NULL,Silas Kipkoech Tiren,Q27963537,NULL->Jubilee Party,Q47463437->Q55623569,Moiben Constituency->Moiben,Q47494792-311C29B9-7EE5-434D-8C1A-E658EEC10C02->NULL
->,Q47495055->NULL,Silvanus Osoro Onyiego,Q6392670,NULL->Kenya National Congress,Q7568008,South Mugirango Constituency->South Mugirango,Q47495055-0D19F657-EA1C-4E36-92E2-8DCD8CFC6614->NULL
->,Q47494963->NULL,Simon Nganga Kingara,Q27963537,NULL->Jubilee Party,Q47463426,Ruiru Constituency->Ruiru,Q47494963-C27AAD3F-8AD6-49F4-8FA3-ABF84C6997A8->NULL
->,Q47494321->NULL,Sophia Abdi Noor,Q7141057,NULL->PARTY FOR DEVELOPMENT AND REFORM,Q5995093,Ijara Constituency->Ijara,Q47494321-BCE4F306-855F-48FD-A480-8E05FFDB4E72->NULL
->,Q47494646->NULL,Stanley Muiruri Muthama,Q47489396,NULL->Maendeleo Chap Chap Party,Q6482735,Lamu West Constituency->Lamu West,Q47494646-A58221F2-52FB-415B-9E75-1620EEFCD008->NULL
->,Q47494770->NULL,Stephen Mutinda Mule,Q5251223,NULL->Wiper Democratic Movement - Kenya,Q17089728,Matungulu Constituency->Matungulu,Q47494770-82272A3F-A659-4A5B-841F-7C0FF3D07E84->NULL
->,Q47493967,Suleiman Dori->Suleiman Dori Ramadhani,Q1640905,NULL->Orange Democratic Movement,Q6930119,Msambweni Constituency->Msambweni,Q47493967-BA0516D9-F497-4DD4-BCAD-6C80F53025E1->NULL
->,Q47493938->NULL,Swarup Ranjan Mishra,Q27963537,NULL->Jubilee Party,Q47463440,Kesses Constituency->Kesses,Q47493938-31D3B3EA-5C39-4C15-A0B2-E4FE6E33938D->NULL
->,Q47493981,Sylvanus Maritim,Q27963537,NULL->Jubilee Party,Q4697387,Ainamoi Constituency->Ainamoi,Q47493981-8F9FF233-EB0B-45D5-822D-9E0EEAB75C69->NULL
->,Q47490062->Q100146473,Tecla Chebet Tum->Tecla Tum,Q27963537,NULL->Jubilee Party,Q1964569,Nandi County->Nandi,Q47490062-69E1C03A-08F6-4BFC-8879-B4536F562700->NULL
->,Q47494292->NULL,Teddy Ngumbao Mwambire,Q1640905,NULL->Orange Democratic Movement,Q5521558,Ganze Constituency->Ganze,Q47494292-4BC394E8-A045-42E4-8699-34EB7098041E->NULL
->,Q47494444->NULL,Thaddeus Kithua Nzambia->Thuddeus Kithua Nzambia,Q5251223,NULL->Wiper Democratic Movement - Kenya,Q6408123,Kilome Constituency->Kilome,Q47494444-C16B6B58-DD63-4548-A5B3-C70A8DC9D1E8->NULL
+++,,Timothy Wanyonyi Wetangula,Q1640905,Orange Democratic Movement,Q3955339,Westlands,
->,Q47494692->NULL,Titus Khamala Mukhwana,Q47489380,NULL->Amani National Congress,Q6704894,Lurambi Constituency->Lurambi,Q47494692-BB1CFE74-2AAC-4172-BC37-E374CB30FF04->NULL
->,Q47494889->NULL,Tom Mboya Odege,Q1640905,NULL->Orange Democratic Movement,Q7070932,Nyatike Constituency->Nyatike,Q47494889-E93B4A84-020D-4A81-8A66-AD18B284FD71->NULL
->,Q47494560->NULL,Tonui Joseph Kipkosgey->Joseph Tonui Kipkosgei,Q27963537,NULL->Jubilee Party,Q47463448,Kuresoi South Constituency->Kuresoi South,Q47494560-2BBA9B15-7BF0-437F-A178-9890F04DBAA1->NULL
->,Q7926175->NULL,Victor Munyaka->Victor Kioko Munyaka,Q27963537,NULL->Jubilee Party,Q13123147,Machakos Town Constituency->Machakos Town,Q7926175-51D174E6-B90E-43E6-8273-54492D670A92->NULL
->,Q47495194->NULL,Vincent Kemosi Mogaka,Q5473121,NULL->Forum for Restoration of Democracy - Kenya,Q7986042,West Mugirango Constituency->West Mugirango,Q47495194-E4036D41-8D2D-418D-84D0-880F66093684->NULL
->,Q47494799->NULL,Vincent Kipkurui Tuwei,Q27963537,NULL->Jubilee Party,Q6916414,Mosop Constituency->Mosop,Q47494799-CC6CABDF-7307-4BF3-AD18-71C0E3632160->NULL
->,Q47494824->NULL,Vincent Musyoka Musau,Q47489396,NULL->Maendeleo Chap Chap Party,Q6944627,Mwala Constituency->Mwala,Q47494824-EA4ACD0D-4FC8-4D39-967F-D516C496A594->NULL
->,Q47494280->NULL,Wilberforce Ojiambo Oundo->Dr. Wilberforce Ojiambo Oundo,Q1640905,NULL->Orange Democratic Movement,Q5509429,Funyula Constituency->Funyula,Q47494280-C5D27C35-B7D6-472E-9BB9-43FB1142EA66->NULL
->,Q47495132->NULL,William Kamket Kassait,Q1422517,NULL->Kenya African National Union,Q47463443->Q55635838,Tiaty Constituency->Tiaty,Q47495132-5195DB7E-9A8F-4F06-83B6-93A67DCD4CE4->NULL
->,Q47494929->NULL,William Kamoti Mwamkale,Q1640905,NULL->Orange Democratic Movement,Q47463408->Q55631013,Rabai Constituency->Rabai,Q47494929-BDE46F3A-06D8-4178-9949-F95E584B9368->NULL
->,Q47493977->Q100146475,William Kamuren Chirchir Chepkut->William Chepkut,Q327591,சுயே->Independent,Q47463438,Ainabkoi Constituency->Ainabkoi,Q47493977-4B47C19F-8AE1-43DF-AFE6-DC846827B841->NULL
->,Q47494748->NULL,William Kipkemoi Kisang,Q27963537,NULL->Jubilee Party,Q6754691,Marakwet West Constituency->Marakwet West,Q47494748-EF53A618-D378-4740-BDB1-3CCA1E31CFC5->NULL
->,Q8014046,William Kipkorir,Q27963537,NULL->Jubilee Party,Q4860776,Baringo North Constituency->Baringo North,Q8014046-818B9965-4035-409B-885C-33D992076030->NULL
->,Q47494228->NULL,Wilson Kipngetich Kogo,Q27963537,NULL->Jubilee Party,Q47463442,Chesumei Constituency->Chesumei,Q47494228-8B8171DC-BA8E-49AA-8599-6F4DB3C159EA->NULL
+++,,Wilson Sossion,Q1640905,Orange Democratic Movement,,,
->,Q47494549->NULL,Yegon Brighton Leonard,Q27963537,NULL->Jubilee Party,Q6429614,Konoin Constituency->Konoin,Q47494549-5B8713B3-FC15-491E-B98D-A9222ECB8E92->NULL
->,Q4664957->NULL,Yusuf Hassan Abdi,Q27963537,NULL->Jubilee Party,Q6359828,Kamukunji Constituency->Kamukunji,Q4664957-029C30B5-2217-4FA4-8D78-E68DA6DF5291->NULL
->,Q47494467->NULL,Zachary Kwenya Thuku,Q27963537,NULL->Jubilee Party,Q6410379,Kinangop Constituency->Kinangop,Q47494467-3FB27A42-0DD1-422C-B322-B701469166E1->NULL
->,Q47494010->NULL,Zadoc Abel Ogutu,Q327591,சுயே->Independent,Q47463484,Bomachoge Borabu Constituency->Bomachoge Borabu,Q47494010-270EE3C9-6367-41C9-A1B3-690C50AC8C55->NULL
->,Q47490050->NULL,Zuleikha Ju Ma Hassan->Zuleikha Juma Hassan,Q1640905,NULL->Orange Democratic Movement,Q952571,Kwale County->Kwale,Q47490050-24A3C463-67DA-4394-A9E7-F474217506FF->NULL
