item,itemLabel,constituency,constituencyLabel,party,partyLabel
Q100146475,William Chepkut,Q47463438,Ainabkoi,Q327591,Independent
Q47493981,Sylvanus Maritim,Q4697387,Ainamoi,Q27963537,Jubilee Party
Q47493985,Cornelly Serem,Q4713420,Aldai,Q27963537,Jubilee Party
"",Samuel Atandi,Q4714387,Alego Usonga,Q1640905,Orange Democratic Movement
Q100146454,John Owino,Q47463477,Awendo,Q1640905,Orange Democratic Movement
Q100146466,Onesmas Ngunjiri,Q55604710,Bahati,Q27963537,Jubilee Party
"",Abdi Omar Shurie,Q55604755,Balambala,Q27963537,Jubilee Party
"",Kulow Maalim Hassan,Q47463413,Banissa,Q42954840,Economic Freedom Party
"",Joshua Chepyegon Kandie,Q4860772,Baringo Central,Q47489396,Maendeleo Chap Chap Party
Q8014046,William Kipkorir,Q4860776,Baringo North,Q27963537,Jubilee Party
Q18217506,Grace Jelagat Kipchoim (2017–18),Q47463444,Baringo South,Q27963537,Jubilee Party
"",Charles Kamuren (2018 -),Q47463444,Baringo South,Q27963537,Jubilee Party
"",Nelson Koech,Q4882701,Belgut,Q27963537,Jubilee Party
Q99364459,Innocent Obiri,Q4934581,Bobasi,Q22666200,Peoples Democratic Party
"",Zadoc Abel Ogutu,Q47463484,Bomachoge Borabu,Q327591,Independent
"",Miruka Ondieki Alfah,Q55605716,Bomachoge Chache,Q6392670,Kenya National Congress
"",Ronald Kiprotich Tonui,Q47463457,Bomet Central,Q27963537,Jubilee Party
"",Beatrice Pauline Cherono Kones,Q47463456,Bomet East,Q27963537,Jubilee Party
"",John Oroo Oyioka,Q4941238,Bonchari,Q22666200,Peoples Democratic Party
"",Gideon Ochanda Ogolla,Q4941430,Bondo,Q1640905,Orange Democratic Movement
"",Ben George Orori Momanyi,Q47463490,Borabu,Q5251223,Wiper Democratic Movement - Kenya
"",Raphael Bitta Sauti Wanjala,Q4984030,Budalangi,Q1640905,Orange Democratic Movement
"",Moses Wekesa Mwambu Mabonga,Q4997372,Bumula,Q327591,Independent
"",Ali Wario,Q4998065,Bura,Q27963537,Jubilee Party
"",Japheth Kiplangat Mutai,Q4998466,Bureti,Q27963537,Jubilee Party
"",Nicholas Scott Tindi Mwale,Q5002502,Butere,Q47489380,Amani National Congress
"",Joseph H. Maero Oyula,Q5003161,Butula,Q1640905,Orange Democratic Movement
"",Mugambi Murwithania Rindikiri,Q24236151,Buuri,Q27963537,Jubilee Party
"",Moses Nguchine Kirima,Q5061241,Central Imenti,Q27963537,Jubilee Party
Q47493923,Omar Mwinyi,Q5071716,Changamwe,Q1640905,Orange Democratic Movement
"",Gideon Kimutai Koske,Q5091695,Chepalungu,Q60776120,Chama Cha Mashinani
"",Joshua Kutuny Serem,Q5091828,Cherangany,Q27963537,Jubilee Party
"",Wilson Kipngetich Kogo,Q47463442,Chesumei,Q27963537,Jubilee Party
"",Patrick Munene Ntwiga,Q47463418,Chuka Igambang'ombe,Q27963537,Jubilee Party
"",Mohamed Dahir Duale,Q47463410,Dadaab,Q1422517,Kenya African National Union
"",Paul Simba Arati,Q17048596,Dagoretti North,Q1640905,Orange Democratic Movement
"",John Kiarie Waweru,Q5208646,Dagoretti South,Q27963537,Jubilee Party
Q16731419,Moses Lessonet,Q5353892,Eldama Ravine,Q27963537,Jubilee Party
Q4680594,Adan Keynan Wehliye,Q47463412,Eldas,Q27963537,Jubilee Party
"",Benjamin Gathiru Mwangi,Q47463496,Embakasi Central,Q27963537,Jubilee Party
Q83801307,Babu Owino,Q47463497,Embakasi East,Q1640905,Orange Democratic Movement
"",James Mwangi Gakuya,Q47463494,Embakasi North,Q27963537,Jubilee Party
"",Julius Musili Mawathe,Q47463492,Embakasi South,Q5251223,Wiper Democratic Movement - Kenya
"",George Theuri,Q47463499,Embakasi West,Q27963537,Jubilee Party
"",Alexander Kimutai Kigen Kosgey,Q17085425,Emgwen,Q27963537,Jubilee Party
"",Jeremiah Omboko Milemba,Q5374869,Emuhaya,Q47489380,Amani National Congress
"",Johana Ngeno Kipyegon,Q19461591,Emurua Dikirr,Q1422517,Kenya African National Union
Q18098773,Robert Pukose,Q47463433,Endebess,Q27963537,Jubilee Party
"",Abdikhaim Osman Mohamed,Q5429344,Fafi,Q1422517,Kenya African National Union
"",Dr. Wilberforce Ojiambo Oundo,Q5509429,Funyula,Q1640905,Orange Democratic Movement
"",Said Buya Hiribae,Q5519275,Galole,Q5473121,Forum for Restoration of Democracy - Kenya
"",Teddy Ngumbao Mwambire,Q5521558,Ganze,Q1640905,Orange Democratic Movement
Q4682154,Aden Duale,Q17085899,Garissa Township,Q27963537,Jubilee Party
"",Ali Wario Guyo,Q5524277,Garsen,Q5251223,Wiper Democratic Movement - Kenya
"",Joseph Nduati Ngugi,Q5526949,Gatanga,Q27963537,Jubilee Party
"",Annie Wanjiku Kibeh,Q5527547,Gatundu North,Q27963537,Jubilee Party
"",Moses Kiarie Kuria,Q5527549,Gatundu South,Q27963537,Jubilee Party
"",Elisha Ochieng Odhiambo,Q5530554,Gem,Q1640905,Orange Democratic Movement
"",Robert Gichimu Githinji,Q5559477,Gichugu,Q27963537,Jubilee Party
"",Martha Wangari Wanjira,Q47463447,Gilgil,Q27963537,Jubilee Party
"",Gabriel Kago Mukuha,Q5565112,Githunguri,Q27963537,Jubilee Party
"",Charles Gumini Gimose,Q5645412,Hamisi,Q5473121,Forum for Restoration of Democracy - Kenya
"",George Peter Opondo Kaluma,Q47463476,Homa Bay Town,Q1640905,Orange Democratic Movement
"",Cyprian Kubai Iringo,Q47463415,Igembe Central,Q27963537,Jubilee Party
"",Richard Maore Maoka,Q5991642,Igembe North,Q27963537,Jubilee Party
"",John Paul Mwirigi,Q5991645,Igembe South,Q327591,Independent
"",Sophia Abdi Noor,Q5995093,Ijara,Q7141057,PARTY FOR DEVELOPMENT AND REFORM
"",Benard Masaka Shinali,Q5996095,Ikolomani,Q27963537,Jubilee Party
"",Hassan Oda Hulufo,Q17088189,Isiolo North,Q47492848,KENYA PATRIOTS PARTY
"",Abdi Koropu Tepo,Q6081154,Isiolo South,Q47492848,KENYA PATRIOTS PARTY
"",Bady Twalib Bady,Q47463376,Jomvu,Q1640905,Orange Democratic Movement
"",Francis Munyua Waititu,Q6305268,Juja,Q27963537,Jubilee Party
"",James Githua Kamau Wamacukuru,Q17088410,Kabete,Q27963537,Jubilee Party
"",Eve Akinyi Obara,Q55615556,Kabondo Kasipul,Q1640905,Orange Democratic Movement
"",James Lusweti Mukwe,Q47463464,Kabuchai,Q5473121,Forum for Restoration of Democracy - Kenya
Q104857250,Mark Lomunokol,Q6344643,Kacheliba,Q7141057,PARTY FOR DEVELOPMENT AND REFORM
"",Joshua Kivinda Kimilu,Q6348628,Kaiti,Q5251223,Wiper Democratic Movement - Kenya
"",Elijah Memusi Kanchory,Q6348981,Kajiado Central,Q1640905,Orange Democratic Movement
"",Peris Pesi Tobiko,Q47463454,Kajiado East,Q27963537,Jubilee Party
"",Joseph Wathigo Manje,Q6348987,Kajiado North,Q27963537,Jubilee Party
"",Katoo Judah KATOO,Q6348985,Kajiado South,Q27963537,Jubilee Party
"",George Risa Sunkuyia,Q55615578,Kajiado West,Q27963537,Jubilee Party
"",Paul Kahindi Katana,Q13123143,Kaloleni,Q1640905,Orange Democratic Movement
"",Yusuf Hassan Abdi,Q6359828,Kamukunji,Q27963537,Jubilee Party
"",Alice Muthoni Wahome,Q6361325,Kandara,Q27963537,Jubilee Party
"",Athanas Misiko Wafula Wamunyinyi,Q6361679,Kanduyi,Q5473121,Forum for Restoration of Democracy - Kenya
"",Clement Muturi Kigano,Q6362689,Kangema,Q27963537,Jubilee Party
"",Fabian Kyule Muli,Q13123144,Kangundo,Q22666185,Muungano Party
"",Samwel Moroto Chumel,Q13640987,Kapenguria,Q27963537,Jubilee Party
Q99337189,Oscar Sudi,Q55615677,Kapseret,Q27963537,Jubilee Party
"",Andrew Adipo Okuome,Q6367802,Karachuonyo,Q1640905,Orange Democratic Movement
"",Mercy Wanjiku Gakuya,Q6374034,Kasarani,Q27963537,Jubilee Party
"",Charles Ong’ondo Were,Q47463474,Kasipul,Q1640905,Orange Democratic Movement
"",Robert Mbui,Q6376607,Kathiani,Q5251223,Wiper Democratic Movement - Kenya
"",James Kipkosgei Murgor,Q6385295,Keiyo North,Q27963537,Jubilee Party
"",Daniel Kipkogei Rono,Q17088491,Keiyo South,Q27963537,Jubilee Party
"",Swarup Ranjan Mishra,Q47463440,Kesses,Q27963537,Jubilee Party
"",Christopher Aseka Wangaya,Q6403457,Khwisero,Q47489380,Amani National Congress
"",Paul Koinange,Q6403727,Kiambaa,Q27963537,Jubilee Party
"",Jude L. Kangethe Njomo,Q47463427,Kiambu,Q27963537,Jubilee Party
"",Benard Otieno Okoth,Q22080473,Kibra,Q1640905,Orange Democratic Movement
"",Jessica Nduku Kiko Mbalu,Q47463423,Kibwezi East,Q5251223,Wiper Democratic Movement - Kenya
"",Patrick Mweu Musimba,Q47463422,Kibwezi West,Q327591,Independent
"",Mathenge James Kanini Kega,Q6405311,Kieni,Q27963537,Jubilee Party
"",Ruth Wangari Mwaniki,Q6405979,Kigumo,Q27963537,Jubilee Party
"",Samson Ndindi Nyoro,Q6406003,Kiharu,Q27963537,Jubilee Party
"",Anthony Kimani Ichung'wah,Q6406448,Kikuyu,Q27963537,Jubilee Party
"",Gideon Sitelu Konchela,Q6406874,Kilgoris,Q27963537,Jubilee Party
"",Owen Yaa Baya,Q18388215,Kilifi North,Q1640905,Orange Democratic Movement
"",Richard Ken Chonga Kiti,Q55615984,Kilifi South,Q1640905,Orange Democratic Movement
"",Thuddeus Kithua Nzambia,Q6408123,Kilome,Q5251223,Wiper Democratic Movement - Kenya
"",Didmus Wekesa Barasa Mutua,Q6410137,Kimilili,Q27963537,Jubilee Party
"",Chrisantus Wamalwa Wakhungu,Q55616016,Kiminini,Q5473121,Forum for Restoration of Democracy - Kenya
"",Benjamin Dalu Stephen Tayari,Q6410376,Kinango,Q1640905,Orange Democratic Movement
"",Zachary Kwenya Thuku,Q6410379,Kinangop,Q27963537,Jubilee Party
Q2843930,Amos Kimunya,Q13122881,Kipipiri,Q27963537,Jubilee Party
"",Kirui Joseph Limo,Q22080475,Kipkelion East,Q27963537,Jubilee Party
"",Hilary Kiplang’at Kosgei,Q47463455,Kipkelion West,Q27963537,Jubilee Party
"",John Munene Wambugu,Q6415320,Kirinyaga Central,Q27963537,Jubilee Party
"",Ali Menza Mbogo,Q13123145,Kisauni,Q5251223,Wiper Democratic Movement - Kenya
"",Fred Odhiambo Ouda,Q47463472,Kisumu Central,Q1640905,Orange Democratic Movement
Q4696013,Shakeel Shabbir,Q6417349,Kisumu East,Q327591,Independent
"",John Olago Aluoch,Q6417350,Kisumu West,Q5473121,Forum for Restoration of Democracy - Kenya
"",Benson Makali Mulu,Q10981053,Kitui Central,Q5251223,Wiper Democratic Movement - Kenya
"",Nimrod Mbithuka Mbai,Q6943975,Kitui East,Q27963537,Jubilee Party
"",David Mwalika Mboni,Q47462466,Kitui Rural,Q5069325,CHAMA CHA UZALENDO
"",Rachael Kaki Nyamai,Q6418636,Kitui South,Q27963537,Jubilee Party
"",Edith Vethi Nyenze,Q6418638,Kitui West,Q5251223,Wiper Democratic Movement - Kenya
"",Jimmy Nuru Ondieki Angwenyi,Q47463487,Kitutu Chache North,Q27963537,Jubilee Party
"",Richard Momoima Onyonka,Q55616076,Kitutu Chache South,Q5473121,Forum for Restoration of Democracy - Kenya
"",Shadrack John Mose,Q6418659,Kitutu Masaba,Q27963537,Jubilee Party
"",Yegon Brighton Leonard,Q6429614,Konoin,Q27963537,Jubilee Party
"",Moses Kipkemboi Cheboi,Q47463449,Kuresoi North,Q27963537,Jubilee Party
"",Joseph Tonui Kipkosgei,Q47463448,Kuresoi South,Q27963537,Jubilee Party
"",Marwa Kemero Maisori Kitayama,Q47463483,Kuria East,Q27963537,Jubilee Party
"",Mathias Nyamabe Robi,Q55616293,Kuria West,Q27963537,Jubilee Party
"",Ferdinard Kevin Wanyonyi,Q6450207,Kwanza,Q5473121,Forum for Restoration of Democracy - Kenya
"",Abdi Mude Ibrahim,Q17088687,Lafey,Q42954840,Economic Freedom Party
"",Mohamed Hire Garane,Q11034978,Lagdera,Q1422517,Kenya African National Union
"",Amin Deddy Mohamed Ali,Q6473833,Laikipia East,Q27963537,Jubilee Party
"",Sarah Paulata Korere,Q47463445,Laikipia North,Q27963537,Jubilee Party
"",Patrick Kariuki Mariru,Q6473834,Laikipia West,Q27963537,Jubilee Party
"",Marselino Malimo ARBALLE,Q6474135,Laisamis,Q27963537,Jubilee Party
"",Sharif Athman Ali,Q6482731,Lamu East,Q27963537,Jubilee Party
"",Stanley Muiruri Muthama,Q6482735,Lamu West,Q47489396,Maendeleo Chap Chap Party
"",Generali Nixon Kiprotich Korir,Q6485732,Langata,Q27963537,Jubilee Party
"",Jonah Mburu Mwangi,Q6489334,Lari,Q27963537,Jubilee Party
"",Mishi Juma Khamisi Mboko,Q6547331,Likoni,Q1640905,Orange Democratic Movement
"",Enoch Wamalwa Kibunguchy,Q47463458,Likuyani,Q5473121,Forum for Restoration of Democracy - Kenya
"",Peter Mungai Mwathi,Q10978796,Limuru,Q27963537,Jubilee Party
"",Jeremiah Ekamais Lomorukai,Q47463429,Loima,Q1640905,Orange Democratic Movement
"",Christopher Omulele,Q55621397,Luanda,Q1640905,Orange Democratic Movement
"",Ayub Savula Angatia,Q6699735,Lugari,Q47489380,Amani National Congress
"",Khatib Abdallah Mwashetani,Q47463406,Lunga Lunga,Q27963537,Jubilee Party
"",Titus Khamala Mukhwana,Q6704894,Lurambi,Q47489380,Amani National Congress
"",Japhet Miriti Kareke Mbiuki,Q47463416,Maara,Q27963537,Jubilee Party
"",Victor Kioko Munyaka,Q13123147,Machakos Town,Q27963537,Jubilee Party
"",Michael Thoyah Kingi,Q6729713,Magarini,Q1640905,Orange Democratic Movement
"",George Aladwa Omwera,Q6738586,Makadara,Q1640905,Orange Democratic Movement
"",Daniel Kitonga Maanzo,Q6740441,Makueni,Q5251223,Wiper Democratic Movement - Kenya
"",Moses Malulu Injendi,Q6741420,Malava,Q27963537,Jubilee Party
Q47494720,Aisha Jumwa Karisa Katana,Q6743727,Malindi,Q1640905,Orange Democratic Movement
"",Omar Mohamed Maalim Hassan,Q6747984,Mandera East,Q42954840,Economic Freedom Party
"",Bashir S. ABDULLAH,Q47463414,Mandera North,Q27963537,Jubilee Party
"",Adan Haji Ali,Q47462269,Mandera South,Q27963537,Jubilee Party
"",Adan Haji Yussuf,Q6747986,Mandera West,Q42954840,Economic Freedom Party
"",John Muchiri Nyaga,Q6753394,Manyatta,Q27963537,Jubilee Party
"",Mary Wamaua Waithira Njoroge,Q6754641,Maragwa,Q27963537,Jubilee Party
"",David Kangogo Bowen,Q6754698,Marakwet East,Q27963537,Jubilee Party
"",William Kipkemoi Kisang,Q6754691,Marakwet West,Q27963537,Jubilee Party
"",Joshua Mbithi Mwalyo,Q6783288,Masinga,Q5251223,Wiper Democratic Movement - Kenya
"",Geoffrey Makokha Odanga,Q24236285,Matayos,Q1640905,Orange Democratic Movement
"",Anthony Tom Oluoch,Q55622420,Mathare,Q1640905,Orange Democratic Movement
"",Peter Kimari Kihara,Q6787280,Mathioya,Q27963537,Jubilee Party
"",Rigathi Gachagua,Q6787283,Mathira,Q27963537,Jubilee Party
"",Kassim Sawa Tandaza,Q6791957,Matuga,Q47489380,Amani National Congress
"",Justus Murunga Makokha,Q17089719,Matungu,Q47489380,Amani National Congress
"",Stephen Mutinda Mule,Q17089728,Matungulu,Q5251223,Wiper Democratic Movement - Kenya
"",Patrick Makau King'ola,Q47463421,Mavoko,Q5251223,Wiper Democratic Movement - Kenya
"",Charles Muriuki Njagagua,Q14475849,Mbeere North,Q27963537,Jubilee Party
"",Geoffrey Kingagi Muturi,Q5516225,Mbeere South,Q27963537,Jubilee Party
"",Erastus Kivasu Nzioka,Q6799757,Mbooni,Q47490108,New Democrats
"",Daniel Kamuren Tuitoek,Q6890697,Mogotio,Q27963537,Jubilee Party
"",Silas Kipkoech Tiren,Q55623569,Moiben,Q27963537,Jubilee Party
"",Francis Kuria Kimani,Q6896735,Molo,Q27963537,Jubilee Party
"",Vincent Kipkurui Tuwei,Q6916414,Mosop,Q27963537,Jubilee Party
"",Qalicha Gufu Wario,Q6927587,Moyale,Q27963537,Jubilee Party
Q47493967,Suleiman Dori Ramadhani (2017–20),Q6930119,Msambweni,Q1640905,Orange Democratic Movement
"",Vacant (2020- ),Q6930119,Msambweni,,""
"",Fred Kapondi Chesebe,Q6930268,Mt. Elgon,Q27963537,Jubilee Party
"",James Onyango Oyoo,Q13651057,Muhoroni,Q1640905,Orange Democratic Movement
"",Anthony Githiaka Kiai,Q6933680,Mukurweini,Q27963537,Jubilee Party
"",Benjamin Jomo Washiali,Q47463462,Mumias East,Q27963537,Jubilee Party
"",Johnson Manya Naicca,Q47463461,Mumias West,Q1640905,Orange Democratic Movement
"",Abdullswamad Sheriff Nassir,Q6944580,Mvita,Q1640905,Orange Democratic Movement
"",Vincent Musyoka Musau,Q6944627,Mwala,Q47489396,Maendeleo Chap Chap Party
"",Andrew MWADIMA,Q6944699,Mwatate,Q1640905,Orange Democratic Movement
"",Josphat Kabinga Wachira,Q6944711,Mwea,Q27963537,Jubilee Party
"",Gideon Mutemi Mulyungi,Q47463420,Mwingi Central,Q5251223,Wiper Democratic Movement - Kenya
"",Paul Musyimi Nzengu,Q6944742,Mwingi North,Q5251223,Wiper Democratic Movement - Kenya
"",Charles Ngusya Nguna,Q47463419,Mwingi West,Q5251223,Wiper Democratic Movement - Kenya
"",Jayne Njeri Wanjiru Kihara,Q6959832,Naivasha,Q27963537,Jubilee Party
"",David Gikaria,Q55624571,Nakuru Town East,Q27963537,Jubilee Party
Q47493930,Samuel Arama,Q47463451,Nakuru Town West,Q27963537,Jubilee Party
"",Sakwa John Bunyasi,Q6961369,Nambale,Q47489380,Amani National Congress
"",Alfred Kiptoo Keter,Q47463441,Nandi Hills,Q27963537,Jubilee Party
"",Lemanken Aramat,Q24236157,Narok East,Q27963537,Jubilee Party
"",Richard Moitalel KENTA,Q6966106,Narok North,Q1640905,Orange Democratic Movement
"",Dr. Korei LEMEIN,Q6966109,Narok South,Q27963537,Jubilee Party
"",Gabriel Koshal Tongoyo,Q47463453,Narok West,Q60776120,Chama Cha Mashinani
Q104856808,Emmanuel Wangwe,Q47463460,Navakholo,Q27963537,Jubilee Party
"",Jeremiah Ng’ayu Kioni,Q6983699,Ndaragwa,Q27963537,Jubilee Party
"",Martin Peters Owino,Q6983737,Ndhiwa,Q1640905,Orange Democratic Movement
"",George Macharia Kariuki Gk,Q6983741,Ndia,Q27963537,Jubilee Party
"",Charity Kathambi Chepkwony,Q47463446,Njoro,Q27963537,Jubilee Party
Q5480460,Francis Chachu Ganya,Q7055666,North Horr,Q47492871,Frontier Alliance Party
"",Abdul Rahim Dawood,Q7055691,North Imenti,Q27963537,Jubilee Party
"",Joash Nyamache Nyamoko,Q7056156,North Mugirango,Q27963537,Jubilee Party
"",Joshua Aduma Owuor,Q7070809,Nyakach,Q1640905,Orange Democratic Movement
"",Mohamed Ali MOHAMMED,Q55627148,Nyali,Q327591,Independent
"",Jared Odoyo Okelo,Q7070870,Nyando,Q1640905,Orange Democratic Movement
"",Richard Nyagaka Tongi,Q7070906,Nyaribari Chache,Q27963537,Jubilee Party
"",Ezekiel Machogu Ombaki,Q7070904,Nyaribari Masaba,Q47492879,National Agenda Party of Kenya
"",Tom Mboya Odege,Q7070932,Nyatike,Q1640905,Orange Democratic Movement
"",Martin Deric Ngunjiri Wambugu,Q7071069,Nyeri Town,Q27963537,Jubilee Party
"",Michael Mwangi Muchira,Q47463424,Ol Jorok,Q27963537,Jubilee Party
"",David Njuguna Kiaraho,Q7082829,Ol Kalou,Q27963537,Jubilee Party
"",James Gichuki Mugambi,Q7108562,Othaya,Q27963537,Jubilee Party
"",David Losiakou Pkosing,Q47462472,Pokot South,Q27963537,Jubilee Party
"",William Kamoti Mwamkale,Q55631013,Rabai,Q1640905,Orange Democratic Movement
"",Lilian Achieng Gogo,Q7292934,Rangwe,Q1640905,Orange Democratic Movement
"",Dr. Otiende Amollo,Q7294558,Rarieda,Q1640905,Orange Democratic Movement
"",Kipruto Moi,Q7365616,Rongai,Q1422517,Kenya African National Union
"",Paul Abuor,Q7365633,Rongo,Q1640905,Orange Democratic Movement
"",Isaac Waihenya Ndirangu,Q55632063,Roysambu,Q27963537,Jubilee Party
"",KAJWANG' TOM JOSEPH FRANCIS,Q24236499,Ruaraka,Q1640905,Orange Democratic Movement
"",Simon Nganga Kingara,Q47463426,Ruiru,Q27963537,Jubilee Party
"",Eric Muchangi Njiru,Q7380154,Runyenjes,Q27963537,Jubilee Party
"",Alfred Agoi Masadia,Q7395935,Sabatia,Q47489380,Amani National Congress
"",Caleb Amisi Luyai,Q7396314,Saboti,Q1640905,Orange Democratic Movement
"",Dido Ali RASO,Q7403129,Saku,Q27963537,Jubilee Party
"",Lentoi Joni L. Jackson Lekumontare,Q7409117,Samburu East,Q1422517,Kenya African National Union
"",Alois Musa Lentoimaga,Q47463432,Samburu North,Q27963537,Jubilee Party
"",Josephine Naisula Lesuuda,Q7409120,Samburu West,Q1422517,Kenya African National Union
"",James Wambura Nyikal,Q47463473,Seme,Q1640905,Orange Democratic Movement
"",Justus Gesito Mugali M'MBAYA,Q7497839,Shinyalu,Q1640905,Orange Democratic Movement
"",Peter Lochakapong,Q7513096,Sigor,Q27963537,Jubilee Party
"",Kipsengeret Koros,Q39087469,Sigowet Soin,Q327591,Independent
"",John Waluke Koyi,Q7530345,Sirisia,Q27963537,Jubilee Party
"",Dominic Kipkoech Koskei,Q7563993,Sotik,Q27963537,Jubilee Party
"",Kathuri Murungi,Q7567524,South Imenti,Q327591,Independent
"",Silvanus Osoro Onyiego,Q7568008,South Mugirango,Q6392670,Kenya National Congress
"",Caleb Kipkemei Kositany,Q47463435,Soy,Q27963537,Jubilee Party
"",CHARLES KANYI NJAGUA,Q7601801,Starehe,Q27963537,Jubilee Party
"",Millie Grace Akoth Odhiambo,"",Suba North,Q1640905,Orange Democratic Movement
Q6799567,Mbadi John Ng'ongo,"",Suba South,Q1640905,Orange Democratic Movement
"",Samuel Kinuthia Gachobe,Q7632288,Subukia,Q27963537,Jubilee Party
"",Junet Sheikh Nuh,Q47463479,Suna East,Q1640905,Orange Democratic Movement
"",Peter Francis Masara,Q47463480,Suna West,Q327591,Independent
"",Ahmed Bashane Gaal,Q47463411,Tarbaj,Q7141057,PARTY FOR DEVELOPMENT AND REFORM
"",Naomi Namsi Shaban,Q7689082,Taveta,Q27963537,Jubilee Party
"",Edward Oku Kaunya,Q47463468,Teso North,Q47489380,Amani National Congress
"",Geoffrey Omuse,Q47463470,Teso South,Q1640905,Orange Democratic Movement
"",James Gichuhi Mwangi,Q7706991,Tetu,Q27963537,Jubilee Party
"",George Gitonga Murugara,Q7710732,Tharaka,Q3272441,DEMOCRATIC PARTY OF KENYA
"",Patrick Kimani Wainaina Jungle,Q55635690,Thika Town,Q327591,Independent
"",William Kamket Kassait,Q55635838,Tiaty,Q1422517,Kenya African National Union
"",Josphat Gichunge Mwirabua Kabeabea,Q7801321,Tigania East,Q2559675,Party of National Unity
"",John Kanyuithia Mutunga,Q7801319,Tigania West,Q27963537,Jubilee Party
Q16732461,Julius Kibiwott Melly,Q7808048,Tinderet,Q27963537,Jubilee Party
"",David Eseli Simiyu,Q47463467,Tongaren,Q5473121,Forum for Restoration of Democracy - Kenya
"",Janet Jepkemboi Sitienei,Q47463436,Turbo,Q327591,Independent
"",John Lodepe Nakara,Q17099533,Turkana Central,Q1640905,Orange Democratic Movement
"",Lokiru Ali Mohammed,Q47463430,Turkana East,Q1640905,Orange Democratic Movement
"",Christopher Doye Nakuleu,Q7855019,Turkana North,Q27963537,Jubilee Party
"",EKOMWA LOMENEN JAMES,Q7855020,Turkana South,Q27963537,Jubilee Party
"",Daniel Epuyo Nanok,Q47463428,Turkana West,Q27963537,Jubilee Party
"",Chris Karan (2017–18),Q7877730,Ugenya,Q1640905,Orange Democratic Movement
"",David Ouma Ochieng (2018 - ),Q7877730,Ugenya,Q111179653,Movement for Democracy and Growth
"",James Opiyo Wandayi,Q47463471,Ugunja,Q1640905,Orange Democratic Movement
"",Mark Ogolla Nyamita,Q7900644,Uriri,Q1640905,Orange Democratic Movement
"",Ernest Ogesi Kivai,Q7929042,Vihiga,Q47489380,Amani National Congress
"",Jones Mwagogo Mlolwa,Q7939444,Voi,Q1640905,Orange Democratic Movement
"",Rashid Kassim Amin,Q7960716,Wajir East,Q5251223,Wiper Democratic Movement - Kenya
"",Ahmed Abdisalan Ibrahim,Q7960717,Wajir North,Q1640905,Orange Democratic Movement
"",Mohamud Sheikh MOHAMED,Q7960719,Wajir South,Q27963537,Jubilee Party
"",Ahmed Kolosh Mohamed,Q7960720,Wajir West,Q1640905,Orange Democratic Movement
"",Ahmed Kolosh Mohamed,Q7960720,Wajir West,Q27963537,Jubilee Party
"",Bernard Alfred Wekesa Sambu,Q47463465,Webuye East,Q47489380,Amani National Congress
"",Daniel Wanyama Sitati,Q55637503,Webuye West,Q27963537,Jubilee Party
"",Vincent Kemosi Mogaka,Q7986042,West Mugirango,Q5473121,Forum for Restoration of Democracy - Kenya
"",Timothy Wanyonyi Wetangula,Q3955339,Westlands,Q1640905,Orange Democratic Movement
"",Danson Mwashako Mwakuwona,Q8039242,Wundanyi,Q5251223,Wiper Democratic Movement - Kenya
Q5079790,Charles Kilonzo,Q8050290,Yatta,Q327591,Independent
Q100146462,Lilian Tomitom,Q590860,West Pokot,Q27963537,Jubilee Party
"",Fatuma Gedi Ali,Q1852209,Wajir,Q7141057,Party of Development and Reforms
Q47490079,Beatrice Adagala,Q1313202,Vihiga,Q47489380,Amani National Congress
Q47490078,Gladys Boss Shollei,Q1121429,Uasin Gishu,Q27963537,Jubilee Party
Q100146457,Joyce Emanikor,Q1633078,Turkana,Q27963537,Jubilee Party
"",Janet Nangabo Wanyama,Q1278653,Trans Nzoia,Q27963537,Jubilee Party
"",Beatrice Nkatha Nyaga,Q2189432,Tharaka–Nithi,Q27963537,Jubilee Party
"",Rehema Hassan,Q383150,Tana River,Q47489396,Maendeleo Chap Chap Party
"",Lydia Haika Mnene Mizighi,Q7193788,Taita Taveta,Q27963537,Jubilee Party
"",Christine Ombaka Oduor,Q3482913,Siaya,Q1640905,Orange Democratic Movement
"",Maison Leshoomo,Q2096419,Samburu,Q1422517,Kenya African National Union
"",Rahab Mukami Wachira,Q749665,Nyeri,Q27963537,Jubilee Party
"",Faith Wairimu Gitau,Q1714352,Nyandarua,Q27963537,Jubilee Party
"",Jerusha Mongina Momanyi,Q1569613,Nyamira,Q27963537,Jubilee Party
"",Roselinda Soipan Tuya,Q1852220,Narok,Q27963537,Jubilee Party
Q100146473,Tecla Tum,Q1964569,Nandi,Q27963537,Jubilee Party
Q100146446,Chelule Liza,Q1852202,Nakuru,Q27963537,Jubilee Party
"",Esther Muthoni Rosanna Passaris,Q3335223,Nairobi City,Q1640905,Orange Democratic Movement
Q16214164,Maitu Sabina Wanjiru Chege,Q1781723,Muranga,Q27963537,Jubilee Party
"",Asha Hussein Mohamed,Q1112885,Mombasa,Q1640905,Orange Democratic Movement
"",Pamela Awuor Ochieng,Q429955,Migori,Q1640905,Orange Democratic Movement
"",Kawira Mwangaza,Q15045704,Meru,Q327591,Independent
"",Safia Sheikh Adan,Q1323683,Marsabit,Q27963537,Jubilee Party
"",Amina Gedow Hassan,Q1477874,Mandera,Q42954840,Economic Freedom Party
"",Rose Museo Mumo,Q473717,Makueni,Q5251223,Wiper Democratic Movement - Kenya
"",Joyce Kamene,Q1882639,Machakos,Q5251223,Wiper Democratic Movement - Kenya
"",Ruweida Mohamed Obo,Q1951652,Lamu,Q27963537,Jubilee Party
"",Catherine Wanjiku Waruguru,Q1800699,Laikipia,Q27963537,Jubilee Party
"",Zuleikha Juma Hassan,Q952571,Kwale,Q1640905,Orange Democratic Movement
"",Irene Muthoni Kasalu,Q1722597,Kitui,Q5251223,Wiper Democratic Movement - Kenya
"",Rozaah Akinyi Buyu,Q1743809,Kisumu,Q1640905,Orange Democratic Movement
"",Janet Ongera,Q1743730,Kisii,Q1640905,Orange Democratic Movement
"",Purity Wangui Ngirici,Q2230311,Kirinyaga,Q27963537,Jubilee Party
"",Gertrude Mbeyu Mwanyanje,Q1741307,Kilifi,Q1640905,Orange Democratic Movement
Q96741824,Gathoni Wa Muchomba,Q2575594,Kiambu,Q27963537,Jubilee Party
"",Florence C.K. Bore,Q1739252,Kericho,Q27963537,Jubilee Party
"",Elsie Busihile Muhanda,Q1721867,Kakamega,Q1640905,Orange Democratic Movement
"",Janet Marania Teyiaa,Q285072,Kajiado,Q27963537,Jubilee Party
"",Rehema Dida Jaldesa,Q1499046,Isiolo,Q27963537,Jubilee Party
"",Gladys Atieno Nyasuna Wanga,Q1625834,Homa Bay,Q1640905,Orange Democratic Movement
"",Anab Mohamed Gure,Q1494292,Garissa,Q27963537,Jubilee Party
"",Jane Wanjuki Njiru,Q1335242,Embu,Q27963537,Jubilee Party
"",Jane Jepkorir Kiptoo Chebaibai,Q15216433,Elgeyo/Marakwet,Q27963537,Jubilee Party
"",Florence Mwikali Mutua,Q1017519,Busia,Q1640905,Orange Democratic Movement
"",Catherine Nanjala Wambilianga,Q2928204,Bungoma,Q5473121,FORD - Kenya
"",Joyce Korir Chepkoech,Q891952,Bomet,Q27963537,Jubilee Party
"",Gladwell Jesire Cheruiyot,Q808201,Baringo,Q1422517,Kenya African National Union
"",Wilson Sossion,,,Q1640905,Orange Democratic Movement
"",Sammy Kipkorir Seroney,,,Q5251223,Wiper Democratic Movement - Kenya
"",Prof. Jacquiline Adhiambo Oduol,,,Q1640905,Orange Democratic Movement
"",Nasri Sahal Ibrahim,,,Q5473121,FORD - Kenya
"",Maina Kamanda,,,Q27963537,Jubilee Party
"",Jennifer Shamalla,,,Q27963537,Jubilee Party
"",Halima Yussuf Mucheke,,,Q27963537,Jubilee Party
"",Godfrey Osotsi,,,Q47489380,Amani National Congress
"",Gideon Keter,,,Q27963537,Jubilee Party
Q98118573,Dennitah Ghati,,,Q1640905,Orange Democratic Movement
"",David Ole Sankok,,,Q27963537,Jubilee Party
Q5056517,Cecily Mutitu Mbarire,,,Q27963537,Jubilee Party
