item,name,party,partyLabel,constituency,constituencyLabel,startDate,endDate,sourceDate,psid
Q47494330,Abdi Koropu Tepo,Q47492848,Kenya Patriots Party,Q6081154,Isiolo South Constituency,2017-08-31,,,Q47494330-3CC3FF12-32DE-4334-A6CE-BA810F9FD5A6
Q47494628,Abdi Mude Ibrahim,Q42954840,Economic Freedom Party,Q17088687,Lafey Constituency,2017-08-31,,,Q47494628-78F2B432-451C-466B-A74D-5021CC03887F
Q47493997,Abdi Omar Shurie,Q27963537,Jubilee Party of Kenya,Q47463409,Balambala Constituency,2017-08-31,,,Q47493997-04001A2A-BB5F-437F-B8DA-20C6D26EBDDC
Q47494273,Abdikhaim Osman Mohamed,Q1422517,KANU,Q5429344,Fafi Constituency,2017-08-31,,,Q47494273-1722C511-02DE-4C20-AA78-26101DCEAEBA
Q16864850,Abdul Rahim Dawood,Q27963537,Jubilee Party of Kenya,Q7055691,North Imenti Constituency,2017-08-31,,,Q16864850-643405F2-B2A2-4FE2-9375-9A49AE4F6F4F
Q47494822,Abdullswamad Sheriff Nassir,Q1640905,ODM,Q6944580,Mvita Constituency,2017-08-31,,,Q47494822-173AA95C-9D0D-43EE-9076-9A4BE1E4215D
Q47494727,Adan Haji Ali,Q27963537,Jubilee Party of Kenya,Q47462269,Mandera South Constituency,2017-08-31,,,Q47494727-E2297687-947C-4530-99B7-465EC7240999
Q47494732,Adan Haji Yussuf,Q42954840,Economic Freedom Party,Q6747986,Mandera West Constituency,2017-08-31,,,Q47494732-05B940F3-86C6-4AB0-986B-F588E75032D7
Q4680594,Adan Keynan Wehliye,Q27963537,Jubilee Party of Kenya,Q47463412,Eldas Constituency,2017-08-31,,,Q4680594-45C25B04-CFC3-44F9-95C7-3FDDCE666026
Q4682154,Aden Duale,Q27963537,Jubilee Party of Kenya,Q17085899,Garissa Township Constituency,2017-08-31,,2022-04-06,Q4682154-71C51CE0-99EE-457C-96BC-6983167D3197
Q47495185,Ahmed Abdisalan Ibrahim,Q1640905,ODM,Q7960717,Wajir North Constituency,2017-08-31,,,Q47495185-B2F8D648-2162-45AC-8045-AAFB880B11B4
Q47495114,Ahmed Bashane Gaal,Q7141057,Party of Development and Reforms,Q47463411,Tarbaj Constituency,2017-08-31,,,Q47495114-3B19149F-67D2-4691-A2CF-C0087F333BE7
Q47495188,Ahmed Kolosh Mohamed,Q1640905,ODM,Q7960720,Wajir West Constituency,2017-08-31,2019,,Q47495188-6E239100-8776-44AC-A936-5AE00D855DEA
Q47495188,Ahmed Kolosh Mohamed,Q27963537,Jubilee Party of Kenya,Q7960720,Wajir West Constituency,2019,,,Q47495188-0c507eee-4f0a-7c37-108d-fd72afddd15c
Q47494720,Aisha Jumwa Karisa Katana,Q1640905,ODM,Q6743727,Malindi Constituency,2017-08-31,,,Q47494720-1A2F0F43-4E7E-4450-825F-C67E5B4BC39F
Q47494265,Alexander Kimutai Kigen Kosgey,Q27963537,Jubilee Party of Kenya,Q17085425,Emgwen Constituency,2017-08-31,,,Q47494265-EB1ECA20-BB2C-4E49-A2A9-0AE7CDE7891D
Q47493940,Alfred Agoi Masadia,Q47489380,Amani National Congress,Q7395935,Sabatia Constituency,2017-08-31,,,Q47493940-42DA4298-1B77-40B5-A43C-5D0AFCF0488D
Q47494850,Alfred Kiptoo Keter,Q27963537,Jubilee Party of Kenya,Q47463441,Nandi Hills Constituency,2017-08-31,,,Q47494850-956674CD-F688-46D9-884A-A37AD099C7C4
Q47494478,Ali Menza Mbogo,Q5251223,WDM-K,Q13123145,Kisauni Constituency,2017-08-31,,,Q47494478-49C1110A-2590-478C-9A5F-69253CD53C16
Q47493953,Ali Wario,Q27963537,Jubilee Party of Kenya,Q4998065,Bura Constituency,2017-08-31,,,Q47493953-BA35757B-0D2E-4C8B-B369-E3148D1CDC27
Q47494295,Ali Wario Guyo,Q5251223,WDM-K,Q5524277,Garsen Constituency,2017-08-31,,,Q47494295-AE7F056D-341E-4535-A03C-B78A7A6D32B6
Q26923586,Alice Muthoni Wahome,Q27963537,Jubilee Party of Kenya,Q6361325,Kandara Constituency,2017-08-31,,,Q26923586-D7054B67-728B-4248-9AE1-6A2FF01FD54E
Q47494993,Alois Musa Lentoimaga,Q27963537,Jubilee Party of Kenya,Q47463432,Samburu North Constituency,2017-08-31,,,Q47494993-353CBCFE-BC0F-4C92-B6F2-725E31FD37B2
Q47494637,Amin Deddy Mohamed Ali,Q27963537,Jubilee Party of Kenya,Q6473833,Laikipia East Constituency,2017-08-31,,,Q47494637-6DA5316C-6853-4B0F-95AA-12AA0824F0E4
Q47490056,Amina Gedow Hassan,Q42954840,Economic Freedom Party,Q1477874,Mandera County,2017-08-31,,,Q47490056-F6C862AB-0D3E-4C96-8FD4-CEB31429329E
Q2843930,Amos Kimunya,Q27963537,Jubilee Party of Kenya,Q13122881,Kipipiri Constituency,2017-08-31,,,Q2843930-C63C57D4-58F3-4CF0-991D-CFA329B2CDC9
Q47490037,Anab Mohamed Gure,Q27963537,Jubilee Party of Kenya,Q1494292,Garissa County,2017-08-31,,,Q47490037-B4158279-698B-4A7D-B350-6CDCBD84533C
Q47494383,Andrew Adipo Okuome,Q1640905,ODM,Q6367802,Karachuonyo Constituency,2017-08-31,,,Q47494383-54BCA820-3B75-48AA-A659-C2A9E24D3F2A
Q47494827,Andrew MWADIMA,Q1640905,ODM,Q6944699,Mwatate Constituency,2017-08-31,,2022-04-06,Q47494827-A715C1B4-8A21-4993-AAE4-C65D02D87A5A
Q47494304,Annie Wanjiku Kibeh,Q27963537,Jubilee Party of Kenya,Q5527547,Gatundu North Constituency,2017-08-31,,,Q47494304-6B0BAFBD-ED09-456B-9747-F0C6E4810F72
Q47494813,Anthony Githiaka Kiai,Q27963537,Jubilee Party of Kenya,Q6933680,Mukurweini Constituency,2017-08-31,,,Q47494813-0EF929E3-938A-4D3F-8BC6-D2405CE37A40
Q47494431,Anthony Kimani Ichung'wah,Q27963537,Jubilee Party of Kenya,Q6406448,Kikuyu Constituency,2017-08-31,,2022-04-06,Q47494431-54705FFD-691C-413C-A8D6-34A4F6A7AD52
Q47494761,Anthony Tom Oluoch,Q1640905,ODM,Q47462553,Mathare Constituency,2017-08-31,,,Q47494761-F046FE83-DC01-4339-8954-F9C80F681540
Q60332262,Asha Hussein Mohamed,Q1640905,ODM,Q1112885,Mombasa County,2017-08-31,,,Q60332262-C2B0DB96-8D7A-416B-AFB8-4F94E2F1D4F8
Q47493900,Athanas Misiko Wafula Wamunyinyi,Q5473121,Forum for the Restoration of Democracy – Kenya,Q6361679,Kanduyi Constituency,2017-08-31,,,Q47493900-B962BFEB-DBF7-4ABD-8D9C-04DD5B373C9E
Q47494687,Ayub Savula Angatia,Q47489380,Amani National Congress,Q6699735,Lugari Constituency,2017-08-31,,,Q47494687-924B26A0-0361-4FCB-B2DD-5B4D1A96C518
Q47494255,Babu Owino,Q1640905,ODM,Q47463497,Embakasi East Constituency,2017-08-31,,2022-04-06,Q47494255-3C83EB8C-AEBE-4F70-9587-6FADAC994A86
Q47493964,Bady Twalib Bady,Q1640905,ODM,Q47463376,Jomvu Constituency,2017-08-31,,,Q47493964-F97D674D-19B5-48EF-991F-DA8F6D070B6A
Q47494725,Bashir S. ABDULLAH,Q27963537,Jubilee Party of Kenya,Q47463414,Mandera North Constituency,2017-08-31,,2022-04-06,Q47494725-3A099178-8527-41AA-A24E-94FC7E6A6B26
Q47490079,Beatrice Adagala,Q47489380,Amani National Congress,Q1313202,Vihiga County,2017-08-31,,2022-04-06,Q47490079-DE37E736-F939-4694-9B2A-840FE3D399F4
Q47490074,Beatrice Nkatha Nyaga,Q27963537,Jubilee Party of Kenya,Q2189432,Tharaka Nithi County,2017-08-31,,,Q47490074-F01E0B00-3340-43C7-AD11-26C8E6A73020
Q47494199,Beatrice Pauline Cherono Kones,Q27963537,Jubilee Party of Kenya,Q47463456,Bomet East Constituency,2017-08-31,,,Q47494199-37035FFE-76DC-43A0-B3D5-D289A488C04E
Q47493961,Ben George Orori Momanyi,Q5251223,WDM-K,Q47463490,Borabu Constituency,2017-08-31,,,Q47493961-0D9973D3-5C74-4A64-BFC6-5A865CEC16EC
Q47494323,Benard Masaka Shinali,Q27963537,Jubilee Party of Kenya,Q5996095,Ikolomani Constituency,2013-08-31,,,Q47494323-560925E2-30A0-401B-97CB-1C0DAA2CEA52
Q85837193,Benard Otieno Okoth,Q1640905,ODM,Q22080473,Kibra Constituency,2017-08-31,,,Q85837193-2e9b0e19-23a1-4451-9b06-0e16ec3e94c4
Q47494464,Benjamin Dalu Stephen Tayari,Q1640905,ODM,Q6410376,Kinango Constituency,2017-08-31,,,Q47494464-A29E66E2-EFFC-4259-B0FA-AE9BC8959254
Q47494250,Benjamin Gathiru Mwangi,Q27963537,Jubilee Party of Kenya,Q47463496,Embakasi Central Constituency,2017-08-31,,,Q47494250-9F150E99-1FE5-4565-B2FD-4F5ADDFA5D45
Q4888887,Benjamin Jomo Washiali,Q27963537,Jubilee Party of Kenya,Q47463462,Mumias East Constituency,2017-08-31,,,Q4888887-075DF075-6A84-43E3-80D1-E52F70040866
Q47494484,Benson Makali Mulu,Q5251223,WDM-K,Q10981053,Kitui Central Constituency,2017-08-31,,,Q47494484-D239C384-6D5B-45F3-8BE4-F928DA6E6291
Q4723395,Bernard Alfred Wekesa Sambu,Q47489380,Amani National Congress,Q47463465,Webuye East Constituency,2017-08-31,,2022-04-06,Q4723395-7C9CFCE9-10F8-402A-A454-AA7DF10E1A54
Q6122859,CHARLES KANYI NJAGUA,Q27963537,Jubilee Party of Kenya,Q7601801,Starehe Constituency,2017-08-31,,2022-04-06,Q6122859-be484b4d-4850-4e52-36a0-371c59009b23
Q47494971,Caleb Amisi Luyai,Q1640905,ODM,Q7396314,Saboti Constituency,2017-08-31,,,Q47494971-BD42464A-2431-4C6E-9B31-565EF5F2EFC5
Q47495070,Caleb Kipkemei Kositany,Q27963537,Jubilee Party of Kenya,Q47463435,Soy Constituency,2017-08-31,,,Q47495070-EA805989-9CD8-4BD6-8552-8ABB26601540
Q47490030,Catherine Nanjala Wambilianga,Q5473121,Forum for the Restoration of Democracy – Kenya,Q2928204,Bungoma County,2017-08-31,,,Q47490030-B8E56A9D-0ABB-4375-854F-71451222C60E
Q47490051,Catherine Wanjiku Waruguru,Q27963537,Jubilee Party of Kenya,Q1800699,Laikipia County,2017-08-31,,,Q47490051-B60A7B53-316C-4167-976D-AE9C20C076B7
Q5056517,Cecily Mutitu Mbarire,Q27963537,Jubilee Party of Kenya,,,2017-08-31,,,Q5056517-02B1CA5E-0ABB-49ED-B5EB-65C9BFFBA5A6
Q47494866,Charity Kathambi Chepkwony,Q27963537,Jubilee Party of Kenya,Q47463446,Njoro Constituency,2017-08-31,,,Q47494866-8CCB0245-C016-4A01-9C64-47E9D400DE0A
Q47493925,Charles Gumini Gimose,Q5473121,Forum for the Restoration of Democracy – Kenya,Q5645412,Hamisi Constituency,2017-08-31,,,Q47493925-8EE38BE1-1FE8-4739-8A00-BCEE4BEA8F90
Q111180002,Charles Kamuren,Q27963537,Jubilee Party of Kenya,Q47463444,Baringo South Constituency,2018-08,,,Q111180002-B873B5B2-05C5-4624-AB34-2487A3349150
Q5079790,Charles Kilonzo,Q327591,IND,Q8050290,Yatta Constituency,2017-08-31,,,Q5079790-E9524742-EE99-4000-A5EC-CE2E8207984E
Q47494778,Charles Muriuki Njagagua,Q27963537,Jubilee Party of Kenya,Q14475849,Mbeere North Constituency,2017-08-31,,,Q47494778-1DBA8902-D667-426D-8768-B8D6E04DAB48
Q47494840,Charles Ngusya Nguna,Q5251223,WDM-K,Q47463419,Mwingi West Constituency,2017-08-31,,,Q47494840-09076CDF-AA6B-4D4B-9DA4-4D87F4755A74
Q47494389,Charles Ong’ondo Were,Q1640905,ODM,Q47463474,Kasipul Constituency,2017-08-31,,2022-04-06,Q47494389-EAD3A0C6-853D-41A0-80BB-5623A07A123A
Q47490061,Chelule Liza,Q27963537,Jubilee Party of Kenya,Q1852202,Nakuru County,2017-08-31,,2022-04-06,Q47490061-E65B74C8-33D4-4131-886E-C92A75D7572A
Q47495165,Chris Karan,Q1640905,ODM,Q7877730,Ugenya Constituency,2017-08-31,2019,2022-04-06,Q47495165-F5060D3B-D219-4B49-9C51-702403EE9EBE
Q47494460,Chrisantus Wamalwa Wakhungu,Q5473121,Forum for the Restoration of Democracy – Kenya,Q47463434,Kiminini Constituency,2017-08-31,,,Q47494460-BBD4B719-8054-4E6D-AE76-9F89A5FBBB86
Q47490071,Christine Ombaka Oduor,Q1640905,ODM,Q3482913,Siaya County,2017-08-31,,2022-04-06,Q47490071-2D877FE7-5256-4523-8C45-9620BCA88B5E
Q47494400,Christopher Aseka Wangaya,Q47489380,Amani National Congress,Q6403457,Khwisero Constituency,2017-08-31,,,Q47494400-FAEBA03D-6522-4CD8-ACF1-0E09122A1AFB
Q47495156,Christopher Doye Nakuleu,Q27963537,Jubilee Party of Kenya,Q7855019,Turkana North Constituency,2017-08-31,,,Q47495156-249DC25A-256A-4D04-8995-4B8A6F0192D8
Q47493956,Christopher Omulele,Q1640905,ODM,Q47463463,Luanda Constituency,2017-08-31,,,Q47493956-D2E227D9-2499-49BC-BB74-FF594428095C
Q47494365,Clement Muturi Kigano,Q27963537,Jubilee Party of Kenya,Q6362689,Kangema Constituency,2017-08-31,,,Q47494365-8844CBFD-78DA-43FA-8E5A-C95BCD7C87B4
Q47493985,Cornelly Serem,Q27963537,Jubilee Party of Kenya,Q4713420,Aldai Constituency,2017-08-31,,,Q47493985-536937D1-1F00-48EF-8734-FC87A58AB6E3
Q47494314,Cyprian Kubai Iringo,Q27963537,Jubilee Party of Kenya,Q47463415,Igembe Central Constituency,2017-08-31,,,Q47494314-42EA75F9-49F3-4366-AA6F-01A048A79023
Q47495163,Daniel Epuyo Nanok,Q27963537,Jubilee Party of Kenya,Q47463428,Turkana West Constituency,2017-08-31,,,Q47495163-1B40D832-1A40-464F-952A-335E74F20429
Q47494789,Daniel Kamuren Tuitoek,Q27963537,Jubilee Party of Kenya,Q6890697,Mogotio Constituency,2017-08-31,,,Q47494789-B6ED4970-A103-4E21-AD64-256886F0EFAC
Q47494399,Daniel Kipkogei Rono,Q27963537,Jubilee Party of Kenya,Q17088491,Keiyo South Constituency,2017-08-31,,,Q47494399-62CB32F1-3ACE-4253-B71F-2BDE95098783
Q47494709,Daniel Kitonga Maanzo,Q5251223,WDM-K,Q6740441,Makueni Constituency,2017-08-31,,,Q47494709-CDD0E1DD-DDDB-446F-9DFB-800A5C26D0CF
Q47495190,Daniel Wanyama Sitati,Q27963537,Jubilee Party of Kenya,Q47463466,Webuye West Constituency,2017-08-31,,,Q47495190-ADDA285B-3EF3-4ED2-9FC9-F821AC29DB7C
Q47495195,Danson Mwashako Mwakuwona,Q5251223,WDM-K,Q8039242,Wundanyi Constituency,2017-08-31,,,Q47495195-2E7855A2-E6A9-40BD-85CB-3543C0435264
Q5233422,David Eseli Simiyu,Q5473121,Forum for the Restoration of Democracy – Kenya,Q47463467,Tongaren Constituency,2013-08-31,,,Q5233422-475B3EED-D151-4CAC-BFE8-5735771E2FFB
Q47493905,David Gikaria,Q27963537,Jubilee Party of Kenya,Q47463452,Nakuru Town East Constituency,2017-08-31,,,Q47493905-2FC72B60-B5B2-444C-AEAE-5B6E9603D0CC
Q47494744,David Kangogo Bowen,Q27963537,Jubilee Party of Kenya,Q6754698,Marakwet East Constituency,2017-08-31,,,Q47494744-BB509FCF-C652-46C1-81F0-38810D9DCD49
Q47494925,David Losiakou Pkosing,Q27963537,Jubilee Party of Kenya,Q47462472,Pokot South Constituency,2017-08-31,,,Q47494925-3DD0EAB9-163D-45CA-8DF3-9B969F253978
Q47494493,David Mwalika Mboni,Q5069325,CCU,Q47462466,Kitui Rural Constituency,2017-08-31,,,Q47494493-E7002968-A284-425A-BB65-56EF8E7C9496
Q47493935,David Njuguna Kiaraho,Q27963537,Jubilee Party of Kenya,Q7082829,Ol Kalou Constituency,2017-08-31,,,Q47493935-0E0B68F4-7C04-46E0-8E1C-599AC96634DD
Q111180007,David Ole Sankok,Q27963537,Jubilee Party of Kenya,,,2017-08-31,,,Q111180007-4EE08827-68D3-4F39-AEBB-C26C7A2A0374
Q111179918,David Ouma Ochieng,Q111179653,MDG,Q7877730,Ugenya Constituency,2019,,2022-04-06,Q111179918-2630AABC-A105-4BCD-8F5A-999CD2A66AE6
Q98118573,Dennitah Ghati,Q1640905,ODM,,,2017-08-31,,,Q98118573-4DB65D6E-1AB4-488C-90EB-816A030BBD7E
Q47494446,Didmus Wekesa Barasa Mutua,Q27963537,Jubilee Party of Kenya,Q6410137,Kimilili Constituency,2017-08-31,,,Q47494446-11A54472-01D0-47D3-9A42-4366FA71606B
Q15733971,Dido Ali RASO,Q27963537,Jubilee Party of Kenya,Q7403129,Saku Constituency,2017-08-31,,2022-04-06,Q15733971-34173274-3566-41FE-9EA9-38596A826C3F
Q47495034,Dominic Kipkoech Koskei,Q27963537,Jubilee Party of Kenya,Q7563993,Sotik Constituency,2017-08-31,,,Q47495034-661C167C-EDBA-4A91-805C-22B71EF3AE10
Q47493913,Dr. Korei LEMEIN,Q27963537,Jubilee Party of Kenya,Q6966109,Narok South Constituency,2017-08-31,,2022-04-06,Q47493913-71AC8079-6539-4E61-A34E-0068A9A073C7
Q47494933,Dr. Otiende Amollo,Q1640905,ODM,Q7294558,Rarieda Constituency,2017-08-31,,2022-04-06,Q47494933-6E75EC7C-A31D-4B4A-835D-2DDF51DAE0D3
Q47494280,Dr. Wilberforce Ojiambo Oundo,Q1640905,ODM,Q5509429,Funyula Constituency,2017-08-31,,2022-04-06,Q47494280-C5D27C35-B7D6-472E-9BB9-43FB1142EA66
Q47495159,EKOMWA LOMENEN JAMES,Q27963537,Jubilee Party of Kenya,Q7855020,Turkana South Constituency,2017-08-31,,2022-04-06,Q47495159-D9FE95D6-173C-4B37-B32E-FE8DFE7591B7
Q46190459,Edith Vethi Nyenze,Q5251223,WDM-K,Q6418638,Kitui West Constituency,2017-08-31,2017-12-06,2022-04-06,Q46190459-C83DE5EB-221D-46AA-A4BE-9C679A90C1C4
Q47495116,Edward Oku Kaunya,Q47489380,Amani National Congress,Q47463468,Teso North Constituency,2017-08-31,,,Q47495116-A0171849-1A4E-4D15-A11C-4E72783CF411
Q47494347,Elijah Memusi Kanchory,Q1640905,ODM,Q6348981,Kajiado Central Constituency,2017-08-31,,,Q47494347-7509B322-216C-413E-8A89-473F817535A9
Q47494306,Elisha Ochieng Odhiambo,Q1640905,ODM,Q5530554,Gem Constituency,2017-08-31,,,Q47494306-575812EB-2C92-428C-9C91-1F703AB9368C
Q47490042,Elsie Busihile Muhanda,Q1640905,ODM,Q1721867,Kakamega County,2017-08-31,,,Q47490042-906BA383-9F64-4871-B807-6AB7549DC102
Q47494859,Emmanuel Wangwe,Q27963537,Jubilee Party of Kenya,Q47463460,Navakholo Constituency,2017-08-31,,,Q47494859-F2C636C7-33E4-49B0-B181-265E27A11766
Q47494669,Enoch Wamalwa Kibunguchy,Q5473121,Forum for the Restoration of Democracy – Kenya,Q47463458,Likuyani Constituency,2017-08-31,,,Q47494669-81C84187-EFCA-462C-BD3D-82C0BBCFB99C
Q47494784,Erastus Kivasu Nzioka,Q47490108,New Democrats,Q6799757,Mbooni Constituency,2017-08-31,,,Q47494784-6040F990-5DF1-4373-A228-C0FAA1F86BCA
Q47494968,Eric Muchangi Njiru,Q27963537,Jubilee Party of Kenya,Q7380154,Runyenjes Constituency,2017-08-31,,,Q47494968-2676A7E6-3005-4738-842E-89486412E41C
Q47495177,Ernest Ogesi Kivai,Q47489380,Amani National Congress,Q7929042,Vihiga Constituency,2017-08-31,,,Q47495177-B28301C2-B43E-4E79-A490-B2C0D9568A1D
Q24006889,Esther Muthoni Rosanna Passaris,Q1640905,ODM,Q3335223,Nairobi County,2017-08-31,,2022-04-06,Q24006889-19D0E829-D175-4793-99BF-B45EE90E05F5
Q47494338,Eve Akinyi Obara,Q1640905,ODM,Q6374553,Kasipul Kabondo Constituency,2017-08-31,,,Q47494338-DC1E3156-8C05-4019-9B26-34A8DF320F2B
Q47494886,Ezekiel Machogu Ombaki,Q47492879,National Agenda Party of Kenya,Q7070904,Nyaribari Masaba Constituency,2017-08-31,,,Q47494886-D0086515-03F1-460B-92DD-A08A6FDE3B71
Q47494373,Fabian Kyule Muli,Q22666185,Muungano Party,Q13123144,Kangundo Constituency,2017-08-31,,,Q47494373-3C059DC5-7CF3-4114-93C8-7883929D3B69
Q47490066,Faith Wairimu Gitau,Q27963537,Jubilee Party of Kenya,Q1714352,Nyandarua County,2017-08-31,,,Q47490066-6AB246E1-BCDE-4AA5-9DF7-485417854AFA
Q17411041,Fatuma Gedi Ali,Q7141057,Party of Development and Reforms,Q1852209,Wajir County,2017-08-31,,2022-04-06,Q17411041-1CAF0C96-5B13-4666-B492-C52CBCC04654
Q47494623,Ferdinard Kevin Wanyonyi,Q5473121,Forum for the Restoration of Democracy – Kenya,Q6450207,Kwanza Constituency,2017-08-31,,,Q47494623-14A97E37-F5F3-4C6B-AE7C-3511CB47E168
Q47490043,Florence C.K. Bore,Q27963537,Jubilee Party of Kenya,Q1739252,Kericho County,2017-08-31,,2022-04-06,Q47490043-E8E9744F-F235-42E8-9F87-5B0E5039C029
Q60332243,Florence Mwikali Mutua,Q1640905,ODM,Q1017519,Busia County,2017-08-31,,,Q60332243-B5FD6963-4026-40CD-BDA7-D08811B52235
Q5480460,Francis Chachu Ganya,Q47492871,Frontier Alliance Party,Q7055666,North Horr Constituency,2017-08-31,,,Q5480460-757A0348-6ABF-41B4-9E2A-BCF102B454E1
Q47494794,Francis Kuria Kimani,Q27963537,Jubilee Party of Kenya,Q6896735,Molo Constituency,2017-08-31,,,Q47494794-2605A378-6E47-4D38-B307-19F1D65FEA7D
Q47494331,Francis Munyua Waititu,Q27963537,Jubilee Party of Kenya,Q6305268,Juja Constituency,2017-08-31,,,Q47494331-49B80125-79F0-4639-A2B4-C00686ADB251
Q47494804,Fred Kapondi Chesebe,Q27963537,Jubilee Party of Kenya,Q6930268,Mt. Elgon Constituency,2017-08-31,,,Q47494804-FE768668-5727-4925-AB3C-571C458CAF66
Q47494480,Fred Odhiambo Ouda,Q1640905,ODM,Q47463472,Kisumu Central Constituency,2017-08-31,,,Q47494480-ED783E8C-B074-4E20-B219-6BC339EA5DCC
Q47494311,Gabriel Kago Mukuha,Q27963537,Jubilee Party of Kenya,Q5565112,Githunguri Constituency,2017-08-31,,,Q47494311-6FD5649A-2D81-4318-A584-3F6EADDAE87A
Q47494858,Gabriel Koshal Tongoyo,Q47492863,Chama Cha Mashinani,Q47463453,Narok West Constituency,2017-08-31,,,Q47494858-308DB35C-E0F8-44C1-B6E8-32F780D91946
Q47490045,Gathoni Wa Muchomba,Q27963537,Jubilee Party of Kenya,Q2575594,Kiambu County,2017-08-31,,2022-04-06,Q47490045-691FE360-02C8-4502-B32B-E319CF26BA38
Q7041983,Generali Nixon Kiprotich Korir,Q27963537,Jubilee Party of Kenya,Q6485732,Langata Constituency,2017-08-31,,2022-04-06,Q7041983-CC63F562-38FD-4C1A-A3D9-60E78AB1261E
Q47494781,Geoffrey Kingagi Muturi,Q27963537,Jubilee Party of Kenya,Q5516225,Mbeere South Constituency,2017-08-31,,,Q47494781-137D25BF-2059-40CE-9028-60CC96C598AD
Q47494758,Geoffrey Makokha Odanga,Q1640905,ODM,Q24236285,Matayos Constituency,2017-08-31,,,Q47494758-956A53FB-96A7-43CA-B682-55537CB373FF
Q47495117,Geoffrey Omuse,Q1640905,ODM,Q47463470,Teso South Constituency,2017-08-31,,,Q47495117-D7D4286B-87C0-47AC-AC4E-46E4D430CAFF
Q47494704,George Aladwa Omwera,Q1640905,ODM,Q6738586,Makadara Constituency,2017-08-31,,,Q47494704-98407E7A-4262-4B3C-956E-08BFF2C9A2EA
Q47495127,George Gitonga Murugara,Q3272441,Democratic Party,Q7710732,Tharaka Constituency,2017-08-31,,,Q47495127-854991CC-B93E-4B5F-8036-C99D5FA65116
Q47494863,George Macharia Kariuki Gk,Q27963537,Jubilee Party of Kenya,Q6983741,Ndia Constituency,2017-08-31,,,Q47494863-23595A71-23F8-4EA8-8474-3A97F0548C61
Q47494313,George Peter Opondo Kaluma,Q1640905,ODM,Q47463476,Homa Bay Town Constituency,2017-08-31,,,Q47494313-6B46B4E9-1C9B-4EC5-98DF-0083D0A97698
Q47494355,George Risa Sunkuyia,Q27963537,Jubilee Party of Kenya,Q30687313,Kajiado West constituency,2017-08-31,,,Q47494355-3C0D408E-C706-4D18-B59A-0C5121A0F4CF
Q47493970,George Theuri,Q27963537,Jubilee Party of Kenya,Q47463499,Embakasi West Constituency,2017-08-31,,,Q47493970-8E51B9CE-1BB2-4512-B815-763C26B08512
Q47486849,Gertrude Mbeyu Mwanyanje,Q1640905,ODM,Q1741307,Kilifi County,2017-08-31,,,Q47486849-7D1A776C-DF87-491F-A315-B3CB5CFBE953
Q111180017,Gideon Keter,Q27963537,Jubilee Party of Kenya,,,2017-08-31,,,Q111180017-DCA30B26-473C-4158-A2C2-CC8FF78F559E
Q47494225,Gideon Kimutai Koske,Q47492863,Chama Cha Mashinani,Q5091695,Chepalungu Constituency,2017-08-31,,,Q47494225-D3FAC8EE-0713-49F3-9D43-3DE0626D32CC
Q47494833,Gideon Mutemi Mulyungi,Q5251223,WDM-K,Q47463420,Mwingi Central Constituency,2017-08-31,,,Q47494833-7C91F4C5-8DE7-41B7-B023-28BA929E7E56
Q47494201,Gideon Ochanda Ogolla,Q1640905,ODM,Q4941430,Bondo Constituency,2017-08-31,,,Q47494201-77BD749F-D418-45F2-861A-E97125F31F37
Q47493894,Gideon Sitelu Konchela,Q27963537,Jubilee Party of Kenya,Q6406874,Kilgoris Constituency,2017-08-31,,,Q47493894-CA7D2D2E-6A6E-4238-BACB-899A8DAD7C1B
Q47489991,Gladwell Jesire Cheruiyot,Q1422517,KANU,Q808201,Baringo County,2017-08-31,,,Q47489991-51FF9B51-BCC0-4E1D-83B6-492BD61FF154
Q47489052,Gladys Atieno Nyasuna Wanga,Q1640905,ODM,Q1625834,Homa Bay County,2017-08-31,,,Q47489052-97ADFE79-F80D-48B9-8591-B1455D5293AE
Q47490078,Gladys Boss Shollei,Q27963537,Jubilee Party of Kenya,Q1121429,Uasin Gishu County,2017-08-31,,2022-04-06,Q47490078-68EE3F0F-73B3-4676-9031-D1D95C735555
Q111180034,Godfrey Osotsi,Q47489380,Amani National Congress,,,2017-08-31,,,Q111180034-F3626156-B02E-4941-8CEF-7BAF4A49FA55
Q18217506,Grace Jelagat Kipchoim,Q27963537,Jubilee Party of Kenya,Q47463444,Baringo South Constituency,2017-08-31,2018-04-20,,Q18217506-5f1e238f-4328-d946-aee8-431420a85537
Q111179984,Halima Yussuf Mucheke,Q27963537,Jubilee Party of Kenya,,,2017-08-31,,,Q111179984-CE666D62-772B-4681-813E-87A1EA5E70BC
Q47494329,Hassan Oda Hulufo,Q47492848,Kenya Patriots Party,Q17088189,Isiolo North Constituency,2017-08-31,,,Q47494329-6800B536-5BB7-4E17-8CDE-27402425AD19
Q47494471,Hilary Kiplang’at Kosgei,Q27963537,Jubilee Party of Kenya,Q47463455,Kipkelion West Constituency,2017-08-31,,2022-04-06,Q47494471-8A3FB7B7-32DA-474B-9766-86439060FB27
Q47494008,Innocent Obiri,Q22666200,Peoples Democratic Party,Q4934581,Bobasi Constituency,2017-08-31,,2022-04-06,Q47494008-1D3002D6-DD73-489C-91F7-E865BEA8BE02
Q47490049,Irene Muthoni Kasalu,Q5251223,WDM-K,Q1722597,Kitui County,2017-08-31,,,Q47490049-2D8789B2-6323-400F-84D5-98F04FD71EBA
Q47493910,Isaac Waihenya Ndirangu,Q27963537,Jubilee Party of Kenya,Q47462592,Roysambu Constituency,2017-08-31,,,Q47493910-EE465459-04C9-4A97-88C5-9ED996BEF3F6
Q111179991,Jacquiline Adhiambo Oduol,Q1640905,ODM,,,2017-08-31,,,Q111179991-C4F6AB7B-83E2-4635-BD23-5E33E9846ACE
Q47495122,James Gichuhi Mwangi,Q27963537,Jubilee Party of Kenya,Q7706991,Tetu Constituency,2017-08-31,,,Q47495122-7313DE7F-B0AD-4F0C-9C2E-4344201756CC
Q47494909,James Gichuki Mugambi,Q27963537,Jubilee Party of Kenya,Q7108562,Othaya Constituency,2017-08-31,,,Q47494909-44212C27-BC93-4F05-B97C-DFA16A732864
Q47494335,James Githua Kamau Wamacukuru,Q27963537,Jubilee Party of Kenya,Q17088410,Kabete Constituency,2017-08-31,,,Q47494335-692AD064-8688-42BE-B456-B45BF96427B8
Q47494393,James Kipkosgei Murgor,Q27963537,Jubilee Party of Kenya,Q6385295,Keiyo North Constituency,2017-08-31,,,Q47494393-99A991BC-B062-40F4-AC66-10D27288D1A2
Q47493944,James Lusweti Mukwe,Q5473121,Forum for the Restoration of Democracy – Kenya,Q47463464,Kabuchai Constituency,2017-08-31,,,Q47493944-57CE54DA-5030-4066-B8E6-D4B0B9CA992B
Q47493951,James Mwangi Gakuya,Q27963537,Jubilee Party of Kenya,Q47463494,Embakasi North Constituency,2017-08-31,,,Q47493951-04010A56-F9F2-4B75-AFDA-FA451BD22870
Q47494809,James Onyango Oyoo,Q1640905,ODM,Q13651057,Muhoroni Constituency,2017-08-31,,2022-04-06,Q47494809-36882804-A1EB-4EAF-AC5C-F5B8326EDCF0
Q47495169,James Opiyo Wandayi,Q1640905,ODM,Q47463471,Ugunja Constituency,2017-08-31,,,Q47495169-E752FFA6-73B3-4B88-B1C6-B70DCFDCE8F9
Q47493920,James Wambura Nyikal,Q1640905,ODM,Q47463473,Seme Constituency,2017-08-31,,,Q47493920-8FCD2A68-DD74-4CAB-8B74-4DBF4AF9856C
Q47490033,Jane Jepkorir Kiptoo Chebaibai,Q27963537,Jubilee Party of Kenya,Q15216433,Elgeyo-Marakwet County,2017-08-31,,,Q47490033-58AE6702-FB20-42EE-995A-8C6D90392333
Q47490034,Jane Wanjuki Njiru,Q27963537,Jubilee Party of Kenya,Q1335242,Embu County,2017-08-31,,,Q47490034-524F4B00-9CA6-4866-AE20-637371070F70
Q47495143,Janet Jepkemboi Sitienei,Q327591,IND,Q47463436,Turbo Constituency,2017-08-31,,,Q47495143-C23A974D-30F8-4E36-A5C1-DF07F241EA44
Q47490039,Janet Marania Teyiaa,Q27963537,Jubilee Party of Kenya,Q285072,Kajiado County,2017-08-31,,,Q47490039-3D198D8F-0664-4CE2-BAEF-B2ACB372DB7D
Q47490075,Janet Nangabo Wanyama,Q27963537,Jubilee Party of Kenya,Q1278653,Trans-Nzoia county,2017-08-31,,,Q47490075-5EC3CD86-8FCC-402F-A9B6-CC64628DCE67
Q47490047,Janet Ongera,Q1640905,ODM,Q1743730,Kisii County,2017-08-31,,,Q47490047-4E54D2C8-90EC-4568-9024-344BD3FE7BC3
Q60332280,Japhet Miriti Kareke Mbiuki,Q27963537,Jubilee Party of Kenya,Q47463416,Maara Constituency,2017-08-31,,,Q60332280-E85B8770-D180-494B-9B1C-77B482DD13E4
Q47494212,Japheth Kiplangat Mutai,Q27963537,Jubilee Party of Kenya,Q4998466,Bureti Constituency,2017-08-31,,,Q47494212-28163FAD-FA83-4649-8D60-BFC899357A5B
Q47494876,Jared Odoyo Okelo,Q1640905,ODM,Q7070870,Nyando Constituency,2017-08-31,,,Q47494876-C7918410-67E9-4E2C-8B6B-037BE4C69C74
Q47494842,Jayne Njeri Wanjiru Kihara,Q27963537,Jubilee Party of Kenya,Q6959832,Naivasha Constituency,2017-08-31,,,Q47494842-094ED302-E2EE-4E2B-BA0A-4E6141E98753
Q111179987,Jennifer Shamalla,Q27963537,Jubilee Party of Kenya,,,2017-08-31,,,Q111179987-F024185B-A83A-435C-BBFC-7A7B9682F5E1
Q47494679,Jeremiah Ekamais Lomorukai,Q1640905,ODM,Q47463429,Loima Constituency,2017-08-31,,,Q47494679-A687E86B-4873-479D-8816-86A524C0CD50
Q6180925,Jeremiah Ng’ayu Kioni,Q27963537,Jubilee Party of Kenya,Q6983699,Ndaragwa Constituency,2017-08-31,,2022-04-06,Q6180925-ED438757-FF78-45B8-A057-CDECD57701DD
Q47494270,Jeremiah Omboko Milemba,Q47489380,Amani National Congress,Q5374869,Emuhaya Constituency,2017-08-31,,,Q47494270-55BCD980-6020-4BC7-834B-261E3169B0AD
Q47490065,Jerusha Mongina Momanyi,Q27963537,Jubilee Party of Kenya,Q1569613,Nyamira county,2017-08-31,,,Q47490065-07C155D4-6113-4B41-80A9-33095105CE16
Q47494415,Jessica Nduku Kiko Mbalu,Q5251223,WDM-K,Q47463423,Kibwezi East Constituency,2017-08-31,,,Q47494415-6EB37A28-CA8C-410E-BDC1-33E974D8F0C4
Q47494517,Jimmy Nuru Ondieki Angwenyi,Q27963537,Jubilee Party of Kenya,Q47463487,Kitutu Chache North Constituency,2017-08-31,,,Q47494517-8587368E-223F-4FE9-B4CC-FC6E09E3C470
Q47494868,Joash Nyamache Nyamoko,Q27963537,Jubilee Party of Kenya,Q7056156,North Mugirango Constituency,2017-08-31,,,Q47494868-B9AE21AB-44CE-4675-8420-7705CC9F165A
Q47493962,Johana Ngeno Kipyegon,Q1422517,KANU,Q19461591,Emurua Dikirr Constituency,2017-08-31,,,Q47493962-E567355A-1365-46A9-95E6-1B90277F94FF
Q47495137,John Kanyuithia Mutunga,Q27963537,Jubilee Party of Kenya,Q7801319,Tigania West Constituency,2017-08-31,,,Q47495137-50A0A9B4-9024-433E-B222-4BC64EE10DEE
Q47494245,John Kiarie Waweru,Q27963537,Jubilee Party of Kenya,Q5208646,Dagoretti South Constituency,2017-08-31,,,Q47494245-A5A261CA-30FF-43B2-B4F0-2BB6B624EF64
Q47495147,John Lodepe Nakara,Q1640905,ODM,Q17099533,Turkana Central Constituency,2017-08-31,,,Q47495147-6A8681C8-93A1-45CA-897B-FDDE1FFC5665
Q47494735,John Muchiri Nyaga,Q27963537,Jubilee Party of Kenya,Q6753394,Manyatta Constituency,2017-08-31,,,Q47494735-18B0A664-F892-4C53-A729-4337FCB0DD2E
Q47494473,John Munene Wambugu,Q27963537,Jubilee Party of Kenya,Q6415320,Kirinyaga Central Constituency,2017-08-31,,,Q47494473-348DAEF6-9443-4BC8-8681-0AE8A2B66626
Q111190431,John Njuguna Wanjiku,,,Q6403727,Kiambaa Constituency,2021,,,Q111190431-663B554B-8923-4651-B0A3-332304BBEBFA
Q6251185,John Olago Aluoch,Q5473121,Forum for the Restoration of Democracy – Kenya,Q6417350,Kisumu Town West Constituency,2017-08-31,,,Q6251185-0CCEB4DD-60E1-4AAC-82CB-71E7ACDE6C0B
Q47494200,John Oroo Oyioka,Q22666200,Peoples Democratic Party,Q4941238,Bonchari Constituency,2017-08-31,,,Q47494200-DC825B9E-E958-4C3B-B2C8-53B6787AE50D
Q47493990,John Owino,Q1640905,ODM,Q47463477,Awendo Constituency,2017-08-31,,2022-04-06,Q47493990-B31D11A9-3605-4575-BF5C-37C175A94642
Q47494319,John Paul Mwirigi,Q327591,IND,Q5991645,Igembe South Constituency,2017-08-31,,,Q47494319-2854F841-3F0A-4FF4-9C99-4202EA525DD6
Q47495024,John Waluke Koyi,Q27963537,Jubilee Party of Kenya,Q7530345,Sirisia Constituency,2017-08-31,,,Q47495024-C67A63DD-DB5F-4143-87FB-48969BB45B44
Q47494819,Johnson Manya Naicca,Q1640905,ODM,Q47463461,Mumias West Constituency,2017-08-31,,,Q47494819-C5767890-D912-4212-9CC7-3AB42CE7C973
Q47494658,Jonah Mburu Mwangi,Q27963537,Jubilee Party of Kenya,Q6489334,Lari Constituency,2017-08-31,,,Q47494658-774E83BA-128A-4B50-AB26-3181E0DBCB64
Q47495180,Jones Mwagogo Mlolwa,Q1640905,ODM,Q7939444,Voi Constituency,2017-08-31,,,Q47495180-A0459650-4DF7-4DE0-B1DC-19343FBC85DE
Q47494219,Joseph H. Maero Oyula,Q1640905,ODM,Q5003161,Butula Constituency,2017-08-31,,2022-04-06,Q47494219-C0EBA0CA-38DD-430A-B638-37C137402CA7
Q47494298,Joseph Nduati Ngugi,Q27963537,Jubilee Party of Kenya,Q5526949,Gatanga Constituency,2017-08-31,,,Q47494298-75C15245-C352-4519-A092-E9AA6940589B
Q47494560,Joseph Tonui Kipkosgei,Q27963537,Jubilee Party of Kenya,Q47463448,Kuresoi South Constituency,2017-08-31,,2022-04-06,Q47494560-2BBA9B15-7BF0-437F-A178-9890F04DBAA1
Q47494350,Joseph Wathigo Manje,Q27963537,Jubilee Party of Kenya,Q6348987,Kajiado North Constituency,2017-08-31,,,Q47494350-0A5296D2-8BBA-48C8-ABB6-503E8D61E736
Q47494996,Josephine Naisula Lesuuda,Q1422517,KANU,Q7409120,Samburu West Constituency,2017-08-31,,,Q47494996-F23E34CC-07CE-4347-B1C1-CFBC467BABB1
Q47494872,Joshua Aduma Owuor,Q1640905,ODM,Q7070809,Nyakach Constituency,2017-08-31,,,Q47494872-F32990A2-3341-4F3B-A4D2-05DB96372AD9
Q47494001,Joshua Chepyegon Kandie,Q47489396,Maendeleo Chap Chap Party,Q4860772,Baringo Central Constituency,2017-08-31,,,Q47494001-120839E1-F627-42CE-84F4-A1BF6E3F0A05
Q47494341,Joshua Kivinda Kimilu,Q5251223,WDM-K,Q6348628,Kaiti Constituency,2017-08-31,,,Q47494341-3260F69B-4773-40F0-A312-B0921A145FC5
Q6289987,Joshua Kutuny Serem,Q27963537,Jubilee Party of Kenya,Q5091828,Cherangany Constituency,2017-08-31,,2022-04-06,Q6289987-B9337E4D-E96A-4B6E-83C1-DC5DE128FEB0
Q47494753,Joshua Mbithi Mwalyo,Q5251223,WDM-K,Q6783288,Masinga Constituency,2017-08-31,,,Q47494753-E806739A-A99A-482E-B650-0CFC4E364836
Q47495134,Josphat Gichunge Mwirabua Kabeabea,Q2559675,PNU,Q7801321,Tigania East Constituency,2017-08-31,,,Q47495134-81C6FFE9-2E08-4587-BF2C-A410ADA49D70
Q47494828,Josphat Kabinga Wachira,Q27963537,Jubilee Party of Kenya,Q6944711,Mwea Constituency,2017-08-31,,,Q47494828-6C77DE7E-E295-426E-BB89-5C257A9720D7
Q47490076,Joyce Emanikor,Q27963537,Jubilee Party of Kenya,Q1633078,Turkana County,2017-08-31,,2022-04-06,Q47490076-B67CC58D-7D88-46DD-A876-E2F2E26E7ECA
Q47490053,Joyce Kamene,Q5251223,WDM-K,Q1882639,Machakos County,2017-08-31,,,Q47490053-C8921858-5D97-4224-A4BA-92A20E796B0F
Q47490021,Joyce Korir Chepkoech,Q27963537,Jubilee Party of Kenya,Q891952,Bomet County,2017-08-31,,2022-04-06,Q47490021-3616B8B2-BC09-4E11-B084-D052E87023CB
Q47494407,Jude L. Kangethe Njomo,Q27963537,Jubilee Party of Kenya,Q47463427,Kiambu Constituency,2017-08-31,,2022-04-06,Q47494407-051CE269-2BF5-41E5-B6D9-932D772D31B2
Q16732461,Julius Kibiwott Melly,Q27963537,Jubilee Party of Kenya,Q7808048,Tinderet Constituency,2017-08-31,,,Q16732461-F10F006D-ABB5-4B05-AEDB-A2A3F073F5FA
Q47494260,Julius Musili Mawathe,Q5251223,WDM-K,Q47463492,Embakasi South Constituency,2017-08-31,,,Q47494260-68EA35FC-795E-4C9F-B4F9-3D6F81A54DFB
Q47495084,Junet Sheikh Nuh,Q1640905,ODM,Q47463479,Suna East Constituency,2017-08-31,,,Q47495084-2073059E-D555-4376-98B6-5B09FDA8EA5F
Q47494999,Justus Gesito Mugali M'MBAYA,Q1640905,ODM,Q7497839,Shinyalu Constituency,2017-08-31,,2022-04-06,Q47494999-37C1559B-413A-4C63-9559-729B53649763
Q47494768,Justus Murunga Makokha,Q47489380,Amani National Congress,Q17089719,Matungu Constituency,2017-08-31,,,Q47494768-CE71F04E-6C45-4A60-A07F-EE0D7DE244C1
Q47494960,KAJWANG' TOM JOSEPH FRANCIS,Q1640905,ODM,Q24236499,Ruaraka Constituency,2017-08-31,,2022-04-06,Q47494960-ECFEF068-A429-4C61-A493-734FD5608243
Q47493946,Kassim Sawa Tandaza,Q47489380,Amani National Congress,Q6791957,Matuga Constituency,2017-08-31,,,Q47493946-C8F05BE3-2B98-4B31-9321-788C7F805165
Q47495046,Kathuri Murungi,Q327591,IND,Q7567524,South Imenti Constituency,2017-08-31,,,Q47495046-51508444-8981-4CA7-84CC-ED117A1A4EE5
Q47494354,Katoo Judah KATOO,Q27963537,Jubilee Party of Kenya,Q6348985,Kajiado South Constituency,2017-08-31,,2022-04-06,Q47494354-75FABA6C-E0D1-45FA-A783-1BEF55DB6ECD
Q47490058,Kawira Mwangaza,Q327591,IND,Q15045704,Meru County,2017-08-31,,,Q47490058-66AAF643-62C6-4C14-95A3-61CC910FB8F1
Q47494410,Kenneth Odhiambo Okoth,Q1640905,ODM,Q22080473,Kibra Constituency,2017-08-31,,,Q47494410-8C447729-42E6-4AB1-AA36-94003B7C45A4
Q18388019,Khatib Abdallah Mwashetani,Q27963537,Jubilee Party of Kenya,Q47463406,Lunga Lunga Constituency,2017-08-31,,2022-04-06,Q18388019-172FEBE2-1B58-44D2-B8C9-C7B2194217B9
Q47494946,Kipruto Moi,Q1422517,KANU,Q7365616,Rongai Constituency,2017-08-31,,,Q47494946-D5ADA747-21B1-4FD8-9D2B-1CC79A532BAF
Q47495017,Kipsengeret Koros,Q327591,IND,Q39087469,Sigowet–Soin Constituency,2017-08-31,,2022-04-06,Q47495017-1673AA6C-9C20-4A22-A391-1FB0975ECEE2
Q47494470,Kirui Joseph Limo,Q27963537,Jubilee Party of Kenya,Q22080475,Kipkelion East Constituency,2017-08-31,,,Q47494470-EA697074-AD74-4CD8-A3F9-BA24C5ECC91B
Q47489064,Kulow Maalim Hassan,Q42954840,Economic Freedom Party,Q47463413,Banissa Constituency,2017-08-31,,,Q47489064-D9956A94-F391-48BE-A83A-C15540051DF7
Q47494853,Lemanken Aramat,Q27963537,Jubilee Party of Kenya,Q24236157,Narok East Constituency,2017-08-31,,,Q47494853-9A603DB6-13EE-43C4-A73E-216B54592E44
Q47494981,Lentoi Joni L. Jackson Lekumontare,Q1422517,KANU,Q7409117,Samburu East Constituency,2017-08-31,,2022-04-06,Q47494981-31999C28-3D10-49C2-BC1F-5ED06CDCFD26
Q47494932,Lilian Achieng Gogo,Q1640905,ODM,Q7292934,Rangwe Constituency,2017-08-31,,,Q47494932-CEEF51C4-1437-4F6A-8AF9-C8D2CC1106B3
Q47490080,Lilian Tomitom,Q27963537,Jubilee Party of Kenya,Q590860,West Pokot County,2017-08-31,,2022-04-06,Q47490080-7A88AEB5-896A-4CA1-AC99-A3F6FAB2519D
Q47495152,Lokiru Ali Mohammed,Q1640905,ODM,Q47463430,Turkana East Constituency,2017-08-31,,,Q47495152-9D8410C6-FC2B-4789-8937-F0C5D3BF2779
Q47490072,Lydia Haika Mnene Mizighi,Q27963537,Jubilee Party of Kenya,Q7193788,Taita–Taveta County,2017-08-31,,,Q47490072-4315C2FD-4CEF-4C2F-905A-ECE2AD3304F2
Q111179989,Maina Kamanda,Q27963537,Jubilee Party of Kenya,,,2017-08-31,,,Q111179989-472DECC6-9A37-4F09-AA71-ACDCE199B62B
Q47490069,Maison Leshoomo,Q1422517,KANU,Q2096419,Samburu County,2017-08-31,,,Q47490069-06460593-1A5C-4EFF-A5F4-3FBE9A8D82F1
Q16214164,Maitu Sabina Wanjiru Chege,Q27963537,Jubilee Party of Kenya,Q1781723,Muranga County,2017-08-31,,2022-04-06,Q16214164-D75CE42F-6BB5-426D-9A3B-039A413C7559
Q47494339,Mark Lomunokol,Q7141057,Party of Development and Reforms,Q6344643,Kacheliba Constituency,2017-08-31,,,Q47494339-195E1BB7-0A52-49E8-B48D-83A2411E6398
Q47495175,Mark Ogolla Nyamita,Q1640905,ODM,Q7900644,Uriri Constituency,2017-08-31,,,Q47495175-81DBE4E3-5D43-434D-A1FA-E820E6E3586C
Q47494642,Marselino Malimo ARBALLE,Q27963537,Jubilee Party of Kenya,Q6474135,Laisamis Constituency,2017-08-31,,2022-04-06,Q47494642-EAB6CDF2-233A-4A57-B2EC-D5683EC3023E
Q47494309,Martha Wangari Wanjira,Q27963537,Jubilee Party of Kenya,Q47463447,Gilgil Constituency,2017-08-31,,,Q47494309-7783862C-ED32-46CD-B507-048B85783857
Q47494899,Martin Deric Ngunjiri Wambugu,Q27963537,Jubilee Party of Kenya,Q7071069,Nyeri Town Constituency,2017-08-31,,,Q47494899-57FB9282-546F-434D-925D-548D9BED5F1F
Q47494862,Martin Peters Owino,Q1640905,ODM,Q6983737,Ndhiwa Constituency,2017-08-31,,,Q47494862-52300CA2-7C5A-4A47-A762-A181C7F911DD
Q47494590,Marwa Kemero Maisori Kitayama,Q27963537,Jubilee Party of Kenya,Q47463483,Kuria East Constituency,2017-08-31,,,Q47494590-7EF92A33-1931-4A27-BF3F-55853B248949
Q47494738,Mary Wamaua Waithira Njoroge,Q27963537,Jubilee Party of Kenya,Q6754641,Maragua Constituency,2017-08-31,,,Q47494738-8D174430-4C95-4E7D-9A6A-FE72234E0190
Q47493958,Mathenge James Kanini Kega,Q27963537,Jubilee Party of Kenya,Q6405311,Kieni Constituency,2017-08-31,,,Q47493958-BD36C597-5745-4FA4-B80F-333CE1756F22
Q47494619,Mathias Nyamabe Robi,Q27963537,Jubilee Party of Kenya,Q47463481,Kuria West Constituency,2017-08-31,,,Q47494619-75C14078-1BCB-4096-9AA5-BF53A2AAAB33
Q6799567,Mbadi John Ng'ongo,Q1640905,ODM,Q47462489,Suba South Constituency,2017-08-31,,,Q6799567-D55B6757-E5C5-449E-AFE3-14C3EF3EB24D
Q47494386,Mercy Wanjiku Gakuya,Q27963537,Jubilee Party of Kenya,Q6374034,Kasarani Constituency,2017-08-31,,,Q47494386-6092ADA9-AE14-4BF6-AD8B-DE6A03B0DCE7
Q47489037,Michael Mwangi Muchira,Q27963537,Jubilee Party of Kenya,Q47463424,Ol Jorok Constituency,2017-08-31,,,Q47489037-34DA2824-6C26-4B46-ADF0-A248CC700C2A
Q47494697,Michael Thoyah Kingi,Q1640905,ODM,Q6729713,Magarini Constituency,2017-08-31,,,Q47494697-03C31F55-D211-4CF2-B501-FF98FCE9F021
Q47495077,Millie Grace Akoth Odhiambo,Q1640905,ODM,Q6799698,Suba North Constituency,2017-08-31,,,Q47495077-8AF02D28-005B-471A-B3B3-E78C9A667FC8
Q47494192,Miruka Ondieki Alfah,Q6392670,Kenya National Congress,Q47463485,Bomachoge Chache Constituency,2017-08-31,,,Q47494192-4422157F-7FE5-46FD-9F8B-E745524DBAD7
Q47494664,Mishi Juma Khamisi Mboko,Q1640905,ODM,Q6547331,Likoni Constituency,2017-08-31,,,Q47494664-70A4EEA7-2635-45E8-AE44-0BB4E6C7EECA
Q109570540,Mohamed Ali MOHAMMED,Q327591,IND,Q55627148,Nyali Constituency,2017-08-31,,2022-04-06,Q109570540-9AF3DBC7-826F-4E10-96FA-80D4C318B763
Q47494238,Mohamed Dahir Duale,Q1422517,KANU,Q47463410,Dadaab Constituency,2017-08-31,,,Q47494238-3D67E884-2DB3-439B-9C76-CA86C2705874
Q47494633,Mohamed Hire Garane,Q1422517,KANU,Q11034978,Lagdera Constituency,2017-08-31,,,Q47494633-99447A1D-28D3-4C26-AC82-29CDD0075843
Q47495187,Mohamud Sheikh MOHAMED,Q27963537,Jubilee Party of Kenya,Q7960719,Wajir South Constituency,2017-08-31,,2022-04-06,Q47495187-28E6B014-0541-4ED2-B4DD-B8D15C057BB6
Q22278744,Moses Kiarie Kuria,Q27963537,Jubilee Party of Kenya,Q5527549,Gatundu South Constituency,2017-08-31,,2022-04-06,Q22278744-A5C572F9-EE12-43E7-A641-A11BB1143D06
Q47494557,Moses Kipkemboi Cheboi,Q27963537,Jubilee Party of Kenya,Q47463449,Kuresoi North Constituency,2017-08-31,,,Q47494557-E38C5082-CDED-4EDE-B66F-C2DF732E41B3
Q16731419,Moses Lessonet,Q27963537,Jubilee Party of Kenya,Q5353892,Eldama Ravine Constituency,2017-08-31,,,Q16731419-C27E52AE-2D0F-4EB2-AC3E-075E7E444B96
Q47494713,Moses Malulu Injendi,Q27963537,Jubilee Party of Kenya,Q6741420,Malava Constituency,2017-08-31,,,Q47494713-699F00F5-873A-41A6-A9E8-CD398A4541A1
Q47494224,Moses Nguchine Kirima,Q27963537,Jubilee Party of Kenya,Q5061241,Central Imenti Constituency,2017-08-31,,,Q47494224-C59BD18F-112B-4D9E-9C5A-1652E293EE3B
Q47494208,Moses Wekesa Mwambu Mabonga,Q327591,IND,Q4997372,Bumula Constituency,2017-08-31,,,Q47494208-49D9963C-89DE-4F72-A3BE-85529E5DECE7
Q47494223,Mugambi Murwithania Rindikiri,Q27963537,Jubilee Party of Kenya,Q24236151,Buuri Constituency,2017-08-31,,,Q47494223-0DC259CE-A75B-44B5-9F85-64F2390A13CD
Q16885582,Naomi Namsi Shaban,Q27963537,Jubilee Party of Kenya,Q7689082,Taveta Constituency,2017-08-31,,2022-04-06,Q16885582-2916E11F-6ACE-48B6-8374-C1D4972B78E5
Q111179990,Nasri Sahal Ibrahim,Q5473121,Forum for the Restoration of Democracy – Kenya,,,2017-08-31,,,Q111179990-F7C0B3CD-42C4-49FB-B6B9-C1F94717CEB7
Q47494007,Nelson Koech,Q27963537,Jubilee Party of Kenya,Q4882701,Belgut Constituency,2017-08-31,,,Q47494007-A8E905FA-FA83-4CAC-980B-DD6E1956D06F
Q47494217,Nicholas Scott Tindi Mwale,Q47489380,Amani National Congress,Q5002502,Butere Constituency,2017-08-31,,,Q47494217-7E18F5D3-C5DE-4762-9340-47862B770EBB
Q47494489,Nimrod Mbithuka Mbai,Q27963537,Jubilee Party of Kenya,Q6943975,Kitui East Constituency,2017-08-31,,,Q47494489-BF3F9F13-9503-4E17-B71A-3C763CCC6196
Q47494723,Omar Mohamed Maalim Hassan,Q42954840,Economic Freedom Party,Q6747984,Mandera East Constituency,2017-08-31,,,Q47494723-B103AE5E-5191-45AF-8C6F-03ADEBA022C0
Q47493923,Omar Mwinyi,Q1640905,ODM,Q5071716,Changamwe Constituency,2017-08-31,,2022-04-06,Q47493923-CBE5671F-1A1E-4CC6-A30A-DAB36F76040B
Q47493992,Onesmas Ngunjiri,Q27963537,Jubilee Party of Kenya,Q45390855,Bahati,2017-08-31,,2022-04-06,Q47493992-CEBB0084-7C40-4186-BC07-A0336A4C69F2
Q47494377,Oscar Sudi,Q27963537,Jubilee Party of Kenya,Q47463439,Kapseret Constituency,2017-08-31,,2022-04-06,Q47494377-6E96C102-CE7C-43A6-943A-4C67DF01958B
Q47494435,Owen Yaa Baya,Q1640905,ODM,Q18388215,Kilifi North Constituency,2017-08-31,,,Q47494435-9733A293-570A-4CC0-9125-250741DF4CA8
Q47490059,Pamela Awuor Ochieng,Q1640905,ODM,Q429955,Migori County,2017-08-31,,,Q47490059-76480C71-1FB8-4972-8A84-00E6FE4DE4AF
Q47494641,Patrick Kariuki Mariru,Q27963537,Jubilee Party of Kenya,Q6473834,Laikipia West Constituency,2017-08-31,,,Q47494641-8DB8D5EE-11F2-4DCD-9B39-2504CCAD3A8F
Q47495130,Patrick Kimani Wainaina Jungle,Q327591,IND,Q47463425,Thika Town Constituency,2017-08-31,,,Q47495130-481E766B-4A32-4AC7-9355-2D96212D9499
Q47494776,Patrick Makau King'ola,Q5251223,WDM-K,Q47463421,Mavoko Constituency,2017-08-31,,,Q47494776-CAD99A08-8CCB-4EB1-B0A2-8BFB9635A8DE
Q47494231,Patrick Munene Ntwiga,Q27963537,Jubilee Party of Kenya,Q47463418,Chuka/Igambang'ombe Constituency,2017-08-31,,,Q47494231-00ADE33D-D0C0-4BC0-A946-97DE9CB46E55
Q47494421,Patrick Mweu Musimba,Q327591,IND,Q47463422,Kibwezi West Constituency,2017-08-31,,,Q47494421-59C79A8E-9741-4E46-8ADC-A3AFFA8B0E1E
Q47494955,Paul Abuor,Q1640905,ODM,Q7365633,Rongo Constituency,2017-08-31,,2022-04-06,Q47494955-F3C73A9A-7532-4B11-A366-F24E7B0AB656
Q47494361,Paul Kahindi Katana,Q1640905,ODM,Q13123143,Kaloleni Constituency,2017-08-31,,,Q47494361-7E80E863-DD12-4782-91D5-57B212DEC546
Q47494404,Paul Koinange,Q27963537,Jubilee Party of Kenya,Q6403727,Kiambaa Constituency,2017-08-31,2021-03-31,,Q47494404-A4A5D973-600A-4B07-A210-97F838C69DE5
Q47494839,Paul Musyimi Nzengu,Q5251223,WDM-K,Q6944742,Mwingi North Constituency,2017-08-31,,,Q47494839-3E23934F-0306-4CDC-AB8D-9C411CB58A30
Q47493974,Paul Simba Arati,Q1640905,ODM,Q17048596,Dagoretti North Constituency,2017-08-31,,,Q47493974-642C71FB-2A57-4F25-83E8-C5471C1BF0F2
Q16886147,Peris Pesi Tobiko,Q27963537,Jubilee Party of Kenya,Q47463454,Kajiado East Constituency,2017-08-31,,2022-04-06,Q16886147-845873A2-3EC5-4083-86E1-812D6E5ED1A4
Q47495101,Peter Francis Masara,Q327591,IND,Q47463480,Suna West Constituency,2017-08-31,,,Q47495101-DA409E69-FC9A-45AC-9953-53C3DFF31ECC
Q47494763,Peter Kimari Kihara,Q27963537,Jubilee Party of Kenya,Q6787280,Mathioya Constituency,2017-08-31,,,Q47494763-DAB913AC-4D1C-4D93-BC94-F6877A990EDC
Q47495001,Peter Lochakapong,Q27963537,Jubilee Party of Kenya,Q7513096,Sigor Constituency,2017-08-31,,,Q47495001-E100383C-B556-43EE-A403-AA8A88B2E471
Q47494675,Peter Mungai Mwathi,Q27963537,Jubilee Party of Kenya,Q10978796,Limuru Constituency,2017-08-31,,,Q47494675-6EE99B51-D53F-4319-A1C9-F8D07374B263
Q47490046,Purity Wangui Ngirici,Q27963537,Jubilee Party of Kenya,Q2230311,Kirinyaga County,2017-08-31,,,Q47490046-2A8A60E7-179F-4161-A264-983EB34D7926
Q47494803,Qalicha Gufu Wario,Q27963537,Jubilee Party of Kenya,Q6927587,Moyale Constituency,2017-08-31,,,Q47494803-9242068B-7578-4B8A-9F74-2CAFE5D512C5
Q47494506,Rachael Kaki Nyamai,Q27963537,Jubilee Party of Kenya,Q6418636,Kitui South Constituency,2017-08-31,,,Q47494506-FAF3567C-4C5F-4854-BC3C-D12F2AC19328
Q47490068,Rahab Mukami Wachira,Q27963537,Jubilee Party of Kenya,Q749665,Nyeri County,2017-08-31,,,Q47490068-4362159A-5124-4EE4-AD15-5742F5121D55
Q47494205,Raphael Bitta Sauti Wanjala,Q1640905,ODM,Q4984030,Budalangi Constituency,2017-08-31,,,Q47494205-5AB86859-A2D4-43B0-BD13-940C575FA297
Q47495181,Rashid Kassim Amin,Q5251223,WDM-K,Q7960716,Wajir East Constituency,2017-08-31,,,Q47495181-12EC42F5-ABC4-4861-9D14-8E00D0A06F37
Q47490038,Rehema Dida Jaldesa,Q27963537,Jubilee Party of Kenya,Q1499046,Isiolo County,2017-08-31,,,Q47490038-B17BBDAD-C3D5-444E-94EB-E8A4B09BB1B8
Q47490073,Rehema Hassan,Q47489396,Maendeleo Chap Chap Party,Q383150,Tana River County,2017-08-31,,,Q47490073-EC280EAF-2087-4EF5-A7D9-C1CF49C71BF6
Q47494438,Richard Ken Chonga Kiti,Q1640905,ODM,Q47463407,Kilifi South Constituency,2017-08-31,,,Q47494438-6F852853-47B5-4F5D-9D93-589138803108
Q47494318,Richard Maore Maoka,Q27963537,Jubilee Party of Kenya,Q5991642,Igembe North Constituency,2017-08-31,,,Q47494318-3A41B174-2DEA-4AC8-A026-E047D0D9812D
Q47493933,Richard Moitalel KENTA,Q1640905,ODM,Q6966106,Narok North Constituency,2017-08-31,,2022-04-06,Q47493933-3D6B6BCF-9C5A-4A27-84FA-1A1C17970599
Q7327862,Richard Momoima Onyonka,Q5473121,Forum for the Restoration of Democracy – Kenya,Q55616076,Kitutu Chache South Constituency,2017-08-31,,,Q7327862-FD519072-BF65-4736-9F77-2971EDDDF1BE
Q47494882,Richard Nyagaka Tongi,Q27963537,Jubilee Party of Kenya,Q7070906,Nyaribari Chache Constituency,2017-08-31,,,Q47494882-00F308C3-1522-4A07-90DB-A1556E67AB77
Q47494765,Rigathi Gachagua,Q27963537,Jubilee Party of Kenya,Q6787283,Mathira Constituency,2017-08-31,,,Q47494765-9935D85F-1E8C-4B4C-AB09-D478F4606014
Q47494307,Robert Gichimu Githinji,Q27963537,Jubilee Party of Kenya,Q5559477,Gichugu Constituency,2017-08-31,,,Q47494307-FB22982C-75F4-4DA6-916A-74959BDF85D3
Q19604826,Robert Mbui,Q5251223,WDM-K,Q6376607,Kathiani Constituency,2017-08-31,,,Q19604826-6CF81E8C-DFFA-45BF-A7B4-DB2DD24E9D0F
Q18098773,Robert Pukose,Q27963537,Jubilee Party of Kenya,Q47463433,Endebess Constituency,2017-08-31,,,Q18098773-201e8ba6-40f7-b556-f166-ec70e3d24a51
Q47494197,Ronald Kiprotich Tonui,Q27963537,Jubilee Party of Kenya,Q47463457,Bomet Central Constituency,2017-08-31,,,Q47494197-E554CEAA-0DF4-40B2-BC94-4A897A45BE72
Q47490054,Rose Museo Mumo,Q5251223,WDM-K,Q473717,Makueni County,2017-08-31,,,Q47490054-71C648DF-B535-441C-BA11-4E01C1038A0D
Q47490064,Roselinda Soipan Tuya,Q27963537,Jubilee Party of Kenya,Q1852220,Narok County,2017-08-31,,,Q47490064-DDD3042E-6011-4699-97B5-7DE63C5F5D4B
Q47490048,Rozaah Akinyi Buyu,Q1640905,ODM,Q1743809,Kisumu County,2017-08-31,,,Q47490048-788440C1-E51E-4A44-BF89-4D149FF39B50
Q47494424,Ruth Wangari Mwaniki,Q27963537,Jubilee Party of Kenya,Q6405979,Kigumo Constituency,2017-08-31,,2022-04-06,Q47494424-2DF59DBE-EA17-4417-8783-CBC378D8725F
Q47490052,Ruweida Mohamed Obo,Q27963537,Jubilee Party of Kenya,Q1951652,Lamu County,2017-08-31,,,Q47490052-6222223C-0D7D-415E-B8C2-74367576E905
Q47490057,Safia Sheikh Adan,Q27963537,Jubilee Party of Kenya,Q1323683,Marsabit County,2017-08-31,,,Q47490057-6E2C4538-EA89-4B3F-9ED9-DD31BA2AC3A2
Q47494291,Said Buya Hiribae,Q5473121,Forum for the Restoration of Democracy – Kenya,Q5519275,Galole Constituency,2017-08-31,,,Q47494291-191500B5-0425-4586-A262-EDBEEEA71E88
Q47494847,Sakwa John Bunyasi,Q47489380,Amani National Congress,Q6961369,Nambale Constituency,2017-08-31,,,Q47494847-0EAA1CDC-AD28-40D0-A6EF-F90DDC3C4B1F
Q111179993,Sammy Kipkorir Seroney,Q5251223,WDM-K,,,2017-08-31,,,Q111179993-2F31A95A-3486-42DA-BA16-36FAFAC3B6A9
Q47494428,Samson Ndindi Nyoro,Q27963537,Jubilee Party of Kenya,Q6406003,Kiharu Constituency,2017-08-31,,,Q47494428-3E9322E2-95F7-4FD8-849A-2F7280F1144E
Q47493930,Samuel Arama,Q27963537,Jubilee Party of Kenya,Q47463451,Nakuru Town West Constituency,2017-08-31,,,Q47493930-F746DC7E-B7AA-40A6-8E3C-C3C1A2F5D02E
Q47493987,Samuel Atandi,Q1640905,ODM,Q4714387,Alego Constituency,2017-08-31,,2022-04-06,Q47493987-BD5C00A7-6DAB-45D6-A0AE-82D2AA9F312B
Q47495079,Samuel Kinuthia Gachobe,Q27963537,Jubilee Party of Kenya,Q7632288,Subukia Constituency,2017-08-31,,,Q47495079-B6113B5C-F093-44A1-A64F-ECF373AC96EA
Q47493897,Samwel Moroto Chumel,Q27963537,Jubilee Party of Kenya,Q13640987,Kapenguria Constituency,2017-08-31,,,Q47493897-AD012F93-6BB6-4255-9BA6-122F2701AFEB
Q47494639,Sarah Paulata Korere,Q27963537,Jubilee Party of Kenya,Q47463445,Laikipia North Constituency,2017-08-31,,,Q47494639-9C518E0B-2A84-47D2-8F14-0FEE004F87AA
Q47494518,Shadrack John Mose,Q27963537,Jubilee Party of Kenya,Q6418659,Kitutu Masaba Constituency,2017-08-31,,,Q47494518-57DB2FA8-E35E-47D9-AF6C-3045189AAB80
Q4696013,Shakeel Shabbir,Q327591,IND,Q6417349,Kisumu Town East Constituency,2017-08-31,,2022-04-06,Q4696013-262BAC49-8AEB-4C21-A35D-00FE9A1D5C76
Q47494644,Sharif Athman Ali,Q27963537,Jubilee Party of Kenya,Q6482731,Lamu East Constituency,2017-08-31,,,Q47494644-5C14EA38-FD98-4F9B-AB1C-B58BE42FCEC1
Q47494792,Silas Kipkoech Tiren,Q27963537,Jubilee Party of Kenya,Q47463437,Moiben Constituency,2017-08-31,,,Q47494792-311C29B9-7EE5-434D-8C1A-E658EEC10C02
Q47495055,Silvanus Osoro Onyiego,Q6392670,Kenya National Congress,Q7568008,South Mugirango Constituency,2017-08-31,,,Q47495055-0D19F657-EA1C-4E36-92E2-8DCD8CFC6614
Q47494963,Simon Nganga Kingara,Q27963537,Jubilee Party of Kenya,Q47463426,Ruiru Constituency,2017-08-31,,,Q47494963-C27AAD3F-8AD6-49F4-8FA3-ABF84C6997A8
Q47494321,Sophia Abdi Noor,Q7141057,Party of Development and Reforms,Q5995093,Ijara Constituency,2017-08-31,,,Q47494321-BCE4F306-855F-48FD-A480-8E05FFDB4E72
Q47494646,Stanley Muiruri Muthama,Q47489396,Maendeleo Chap Chap Party,Q6482735,Lamu West Constituency,2017-08-31,,,Q47494646-A58221F2-52FB-415B-9E75-1620EEFCD008
Q47494770,Stephen Mutinda Mule,Q5251223,WDM-K,Q17089728,Matungulu Constituency,2017-08-31,,,Q47494770-82272A3F-A659-4A5B-841F-7C0FF3D07E84
Q47493967,Suleiman Dori Ramadhani,Q1640905,ODM,Q6930119,Msambweni Constituency,2017-08-31,2020-03-09,2022-04-06,Q47493967-BA0516D9-F497-4DD4-BCAD-6C80F53025E1
Q47493938,Swarup Ranjan Mishra,Q27963537,Jubilee Party of Kenya,Q47463440,Kesses Constituency,2017-08-31,,,Q47493938-31D3B3EA-5C39-4C15-A0B2-E4FE6E33938D
Q47493981,Sylvanus Maritim,Q27963537,Jubilee Party of Kenya,Q4697387,Ainamoi Constituency,2017-08-31,,,Q47493981-8F9FF233-EB0B-45D5-822D-9E0EEAB75C69
Q47490062,Tecla Tum,Q27963537,Jubilee Party of Kenya,Q1964569,Nandi County,2017-08-31,,2022-04-06,Q47490062-69E1C03A-08F6-4BFC-8879-B4536F562700
Q47494292,Teddy Ngumbao Mwambire,Q1640905,ODM,Q5521558,Ganze Constituency,2017-08-31,,,Q47494292-4BC394E8-A045-42E4-8699-34EB7098041E
Q47494444,Thuddeus Kithua Nzambia,Q5251223,WDM-K,Q6408123,Kilome Constituency,2017-08-31,,2022-04-06,Q47494444-C16B6B58-DD63-4548-A5B3-C70A8DC9D1E8
Q23887512,Timothy Wanyonyi Wetangula,Q1640905,ODM,Q3955339,Westlands Constituency,2017-08-31,,,Q23887512-61FC7020-C995-4876-82BD-1652E49C4470
Q47494692,Titus Khamala Mukhwana,Q47489380,Amani National Congress,Q6704894,Lurambi Constituency,2017-08-31,,,Q47494692-BB1CFE74-2AAC-4172-BC37-E374CB30FF04
Q47494889,Tom Mboya Odege,Q1640905,ODM,Q7070932,Nyatike Constituency,2017-08-31,,,Q47494889-E93B4A84-020D-4A81-8A66-AD18B284FD71
Q7926175,Victor Kioko Munyaka,Q27963537,Jubilee Party of Kenya,Q13123147,Machakos Town Constituency,2017-08-31,,2022-04-06,Q7926175-51D174E6-B90E-43E6-8273-54492D670A92
Q47495194,Vincent Kemosi Mogaka,Q5473121,Forum for the Restoration of Democracy – Kenya,Q7986042,West Mugirango Constituency,2017-08-31,,,Q47495194-E4036D41-8D2D-418D-84D0-880F66093684
Q47494799,Vincent Kipkurui Tuwei,Q27963537,Jubilee Party of Kenya,Q6916414,Mosop Constituency,2017-08-31,,,Q47494799-CC6CABDF-7307-4BF3-AD18-71C0E3632160
Q47494824,Vincent Musyoka Musau,Q47489396,Maendeleo Chap Chap Party,Q6944627,Mwala Constituency,2017-08-31,,,Q47494824-EA4ACD0D-4FC8-4D39-967F-D516C496A594
Q47493977,William Chepkut,Q327591,IND,Q47463438,Ainabkoi Constituency,2017-08-31,,2022-04-06,Q47493977-4B47C19F-8AE1-43DF-AFE6-DC846827B841
Q47495132,William Kamket Kassait,Q1422517,KANU,Q47463443,Tiaty Constituency,2017-08-31,,,Q47495132-5195DB7E-9A8F-4F06-83B6-93A67DCD4CE4
Q47494929,William Kamoti Mwamkale,Q1640905,ODM,Q47463408,Rabai Constituency,2017-08-31,,,Q47494929-BDE46F3A-06D8-4178-9949-F95E584B9368
Q47494748,William Kipkemoi Kisang,Q27963537,Jubilee Party of Kenya,Q6754691,Marakwet West Constituency,2017-08-31,,,Q47494748-EF53A618-D378-4740-BDB1-3CCA1E31CFC5
Q8014046,William Kipkorir,Q27963537,Jubilee Party of Kenya,Q4860776,Baringo North Constituency,2017-08-31,,,Q8014046-818B9965-4035-409B-885C-33D992076030
Q47494228,Wilson Kipngetich Kogo,Q27963537,Jubilee Party of Kenya,Q47463442,Chesumei Constituency,2017-08-31,,,Q47494228-8B8171DC-BA8E-49AA-8599-6F4DB3C159EA
Q109070160,Wilson Sossion,Q1640905,ODM,,,2017-08-31,,,Q109070160-A4B4B0BE-BA60-4146-B90C-635311FC451E
Q47494549,Yegon Brighton Leonard,Q27963537,Jubilee Party of Kenya,Q6429614,Konoin Constituency,2017-08-31,,,Q47494549-5B8713B3-FC15-491E-B98D-A9222ECB8E92
Q4664957,Yusuf Hassan Abdi,Q27963537,Jubilee Party of Kenya,Q6359828,Kamukunji Constituency,2017-08-31,,,Q4664957-029C30B5-2217-4FA4-8D78-E68DA6DF5291
Q47494467,Zachary Kwenya Thuku,Q27963537,Jubilee Party of Kenya,Q6410379,Kinangop Constituency,2017-08-31,,,Q47494467-3FB27A42-0DD1-422C-B322-B701469166E1
Q47494010,Zadoc Abel Ogutu,Q327591,IND,Q47463484,Bomachoge Borabu Constituency,2017-08-31,,,Q47494010-270EE3C9-6367-41C9-A1B3-690C50AC8C55
Q47490050,Zuleikha Juma Hassan,Q1640905,ODM,Q952571,Kwale County,2017-08-31,,2022-04-06,Q47490050-24A3C463-67DA-4394-A9E7-F474217506FF
